img1,img2,img3
./dataset/celeba/pool/051753.jpg,./dataset/celeba/pool/011784.jpg,./dataset/celeba/pool/034395.jpg
./dataset/celeba/pool/094133.jpg,./dataset/celeba/pool/105402.jpg,./dataset/celeba/pool/016994.jpg
./dataset/celeba/pool/161108.jpg,./dataset/celeba/pool/048060.jpg,./dataset/celeba/pool/077944.jpg
./dataset/celeba/pool/071600.jpg,./dataset/celeba/pool/063236.jpg,./dataset/celeba/pool/080752.jpg
./dataset/celeba/pool/091823.jpg,./dataset/celeba/pool/083933.jpg,./dataset/celeba/pool/073170.jpg
./dataset/celeba/pool/040947.jpg,./dataset/celeba/pool/061480.jpg,./dataset/celeba/pool/118844.jpg
./dataset/celeba/pool/147766.jpg,./dataset/celeba/pool/042968.jpg,./dataset/celeba/pool/155649.jpg
./dataset/celeba/pool/087184.jpg,./dataset/celeba/pool/189918.jpg,./dataset/celeba/pool/005184.jpg
./dataset/celeba/pool/068684.jpg,./dataset/celeba/pool/053626.jpg,./dataset/celeba/pool/096938.jpg
./dataset/celeba/pool/160061.jpg,./dataset/celeba/pool/173211.jpg,./dataset/celeba/pool/041440.jpg
./dataset/celeba/pool/021583.jpg,./dataset/celeba/pool/067419.jpg,./dataset/celeba/pool/145016.jpg
./dataset/celeba/pool/078513.jpg,./dataset/celeba/pool/007292.jpg,./dataset/celeba/pool/118526.jpg
./dataset/celeba/pool/055704.jpg,./dataset/celeba/pool/044983.jpg,./dataset/celeba/pool/061782.jpg
./dataset/celeba/pool/093993.jpg,./dataset/celeba/pool/118852.jpg,./dataset/celeba/pool/031913.jpg
./dataset/celeba/pool/096090.jpg,./dataset/celeba/pool/009814.jpg,./dataset/celeba/pool/096343.jpg
./dataset/celeba/pool/096891.jpg,./dataset/celeba/pool/105140.jpg,./dataset/celeba/pool/109141.jpg
./dataset/celeba/pool/041944.jpg,./dataset/celeba/pool/164410.jpg,./dataset/celeba/pool/012571.jpg
./dataset/celeba/pool/170444.jpg,./dataset/celeba/pool/045852.jpg,./dataset/celeba/pool/063867.jpg
./dataset/celeba/pool/019306.jpg,./dataset/celeba/pool/050914.jpg,./dataset/celeba/pool/062722.jpg
./dataset/celeba/pool/075446.jpg,./dataset/celeba/pool/189885.jpg,./dataset/celeba/pool/161362.jpg
./dataset/celeba/pool/041255.jpg,./dataset/celeba/pool/075392.jpg,./dataset/celeba/pool/192509.jpg
./dataset/celeba/pool/028694.jpg,./dataset/celeba/pool/015904.jpg,./dataset/celeba/pool/155038.jpg
./dataset/celeba/pool/071354.jpg,./dataset/celeba/pool/059127.jpg,./dataset/celeba/pool/121170.jpg
./dataset/celeba/pool/102200.jpg,./dataset/celeba/pool/059775.jpg,./dataset/celeba/pool/176810.jpg
./dataset/celeba/pool/193976.jpg,./dataset/celeba/pool/028424.jpg,./dataset/celeba/pool/023280.jpg
./dataset/celeba/pool/182037.jpg,./dataset/celeba/pool/074663.jpg,./dataset/celeba/pool/036030.jpg
./dataset/celeba/pool/091017.jpg,./dataset/celeba/pool/108792.jpg,./dataset/celeba/pool/118897.jpg
./dataset/celeba/pool/196635.jpg,./dataset/celeba/pool/054999.jpg,./dataset/celeba/pool/089890.jpg
./dataset/celeba/pool/041452.jpg,./dataset/celeba/pool/018103.jpg,./dataset/celeba/pool/119559.jpg
./dataset/celeba/pool/198207.jpg,./dataset/celeba/pool/041759.jpg,./dataset/celeba/pool/181464.jpg
./dataset/celeba/pool/122766.jpg,./dataset/celeba/pool/059982.jpg,./dataset/celeba/pool/127492.jpg
./dataset/celeba/pool/026425.jpg,./dataset/celeba/pool/160364.jpg,./dataset/celeba/pool/008262.jpg
./dataset/celeba/pool/122481.jpg,./dataset/celeba/pool/090649.jpg,./dataset/celeba/pool/053872.jpg
./dataset/celeba/pool/166451.jpg,./dataset/celeba/pool/117780.jpg,./dataset/celeba/pool/199684.jpg
./dataset/celeba/pool/167436.jpg,./dataset/celeba/pool/172440.jpg,./dataset/celeba/pool/131873.jpg
./dataset/celeba/pool/100763.jpg,./dataset/celeba/pool/163354.jpg,./dataset/celeba/pool/141928.jpg
./dataset/celeba/pool/192710.jpg,./dataset/celeba/pool/074014.jpg,./dataset/celeba/pool/015026.jpg
./dataset/celeba/pool/163920.jpg,./dataset/celeba/pool/045741.jpg,./dataset/celeba/pool/177096.jpg
./dataset/celeba/pool/049316.jpg,./dataset/celeba/pool/127052.jpg,./dataset/celeba/pool/201061.jpg
./dataset/celeba/pool/146699.jpg,./dataset/celeba/pool/052913.jpg,./dataset/celeba/pool/100110.jpg
./dataset/celeba/pool/147899.jpg,./dataset/celeba/pool/195881.jpg,./dataset/celeba/pool/187622.jpg
./dataset/celeba/pool/010849.jpg,./dataset/celeba/pool/094972.jpg,./dataset/celeba/pool/068975.jpg
./dataset/celeba/pool/183294.jpg,./dataset/celeba/pool/111285.jpg,./dataset/celeba/pool/079343.jpg
./dataset/celeba/pool/165869.jpg,./dataset/celeba/pool/081817.jpg,./dataset/celeba/pool/200898.jpg
./dataset/celeba/pool/158772.jpg,./dataset/celeba/pool/175018.jpg,./dataset/celeba/pool/150880.jpg
./dataset/celeba/pool/047216.jpg,./dataset/celeba/pool/124366.jpg,./dataset/celeba/pool/001116.jpg
./dataset/celeba/pool/146318.jpg,./dataset/celeba/pool/192302.jpg,./dataset/celeba/pool/129211.jpg
./dataset/celeba/pool/000190.jpg,./dataset/celeba/pool/052681.jpg,./dataset/celeba/pool/145554.jpg
./dataset/celeba/pool/065715.jpg,./dataset/celeba/pool/130007.jpg,./dataset/celeba/pool/145599.jpg
./dataset/celeba/pool/010865.jpg,./dataset/celeba/pool/176049.jpg,./dataset/celeba/pool/013799.jpg
./dataset/celeba/pool/196417.jpg,./dataset/celeba/pool/043518.jpg,./dataset/celeba/pool/046832.jpg
./dataset/celeba/pool/019449.jpg,./dataset/celeba/pool/161829.jpg,./dataset/celeba/pool/153047.jpg
./dataset/celeba/pool/022752.jpg,./dataset/celeba/pool/113336.jpg,./dataset/celeba/pool/103271.jpg
./dataset/celeba/pool/156978.jpg,./dataset/celeba/pool/131728.jpg,./dataset/celeba/pool/182727.jpg
./dataset/celeba/pool/080834.jpg,./dataset/celeba/pool/153526.jpg,./dataset/celeba/pool/029399.jpg
./dataset/celeba/pool/022512.jpg,./dataset/celeba/pool/010848.jpg,./dataset/celeba/pool/089922.jpg
./dataset/celeba/pool/050836.jpg,./dataset/celeba/pool/079914.jpg,./dataset/celeba/pool/106493.jpg
./dataset/celeba/pool/185169.jpg,./dataset/celeba/pool/059619.jpg,./dataset/celeba/pool/181674.jpg
./dataset/celeba/pool/111861.jpg,./dataset/celeba/pool/038174.jpg,./dataset/celeba/pool/142886.jpg
./dataset/celeba/pool/061060.jpg,./dataset/celeba/pool/051393.jpg,./dataset/celeba/pool/167528.jpg
./dataset/celeba/pool/173174.jpg,./dataset/celeba/pool/162243.jpg,./dataset/celeba/pool/146043.jpg
./dataset/celeba/pool/068576.jpg,./dataset/celeba/pool/124158.jpg,./dataset/celeba/pool/182116.jpg
./dataset/celeba/pool/011317.jpg,./dataset/celeba/pool/153301.jpg,./dataset/celeba/pool/010234.jpg
./dataset/celeba/pool/068781.jpg,./dataset/celeba/pool/184738.jpg,./dataset/celeba/pool/201105.jpg
./dataset/celeba/pool/058557.jpg,./dataset/celeba/pool/201041.jpg,./dataset/celeba/pool/087498.jpg
./dataset/celeba/pool/032781.jpg,./dataset/celeba/pool/019058.jpg,./dataset/celeba/pool/143890.jpg
./dataset/celeba/pool/038621.jpg,./dataset/celeba/pool/075467.jpg,./dataset/celeba/pool/098695.jpg
./dataset/celeba/pool/173127.jpg,./dataset/celeba/pool/076758.jpg,./dataset/celeba/pool/133409.jpg
./dataset/celeba/pool/069390.jpg,./dataset/celeba/pool/166254.jpg,./dataset/celeba/pool/127947.jpg
./dataset/celeba/pool/199141.jpg,./dataset/celeba/pool/162685.jpg,./dataset/celeba/pool/050444.jpg
./dataset/celeba/pool/054256.jpg,./dataset/celeba/pool/199989.jpg,./dataset/celeba/pool/021292.jpg
./dataset/celeba/pool/176075.jpg,./dataset/celeba/pool/089120.jpg,./dataset/celeba/pool/153808.jpg
./dataset/celeba/pool/199268.jpg,./dataset/celeba/pool/057088.jpg,./dataset/celeba/pool/126648.jpg
./dataset/celeba/pool/073588.jpg,./dataset/celeba/pool/000798.jpg,./dataset/celeba/pool/194159.jpg
./dataset/celeba/pool/035246.jpg,./dataset/celeba/pool/049393.jpg,./dataset/celeba/pool/195362.jpg
./dataset/celeba/pool/167395.jpg,./dataset/celeba/pool/100699.jpg,./dataset/celeba/pool/014589.jpg
./dataset/celeba/pool/062563.jpg,./dataset/celeba/pool/064931.jpg,./dataset/celeba/pool/156839.jpg
./dataset/celeba/pool/146875.jpg,./dataset/celeba/pool/162559.jpg,./dataset/celeba/pool/099404.jpg
./dataset/celeba/pool/136399.jpg,./dataset/celeba/pool/071973.jpg,./dataset/celeba/pool/146238.jpg
./dataset/celeba/pool/037191.jpg,./dataset/celeba/pool/198746.jpg,./dataset/celeba/pool/148121.jpg
./dataset/celeba/pool/054305.jpg,./dataset/celeba/pool/154539.jpg,./dataset/celeba/pool/131812.jpg
./dataset/celeba/pool/190096.jpg,./dataset/celeba/pool/174043.jpg,./dataset/celeba/pool/100611.jpg
./dataset/celeba/pool/134674.jpg,./dataset/celeba/pool/070658.jpg,./dataset/celeba/pool/188137.jpg
./dataset/celeba/pool/166971.jpg,./dataset/celeba/pool/058193.jpg,./dataset/celeba/pool/061977.jpg
./dataset/celeba/pool/018742.jpg,./dataset/celeba/pool/152278.jpg,./dataset/celeba/pool/171721.jpg
./dataset/celeba/pool/140043.jpg,./dataset/celeba/pool/014661.jpg,./dataset/celeba/pool/189520.jpg
./dataset/celeba/pool/172868.jpg,./dataset/celeba/pool/098644.jpg,./dataset/celeba/pool/019443.jpg
./dataset/celeba/pool/170838.jpg,./dataset/celeba/pool/090528.jpg,./dataset/celeba/pool/109526.jpg
./dataset/celeba/pool/130680.jpg,./dataset/celeba/pool/107997.jpg,./dataset/celeba/pool/057512.jpg
./dataset/celeba/pool/018252.jpg,./dataset/celeba/pool/131674.jpg,./dataset/celeba/pool/104919.jpg
./dataset/celeba/pool/057158.jpg,./dataset/celeba/pool/091309.jpg,./dataset/celeba/pool/177172.jpg
./dataset/celeba/pool/001494.jpg,./dataset/celeba/pool/040315.jpg,./dataset/celeba/pool/134583.jpg
./dataset/celeba/pool/041454.jpg,./dataset/celeba/pool/019575.jpg,./dataset/celeba/pool/065034.jpg
./dataset/celeba/pool/052550.jpg,./dataset/celeba/pool/075136.jpg,./dataset/celeba/pool/066696.jpg
./dataset/celeba/pool/128507.jpg,./dataset/celeba/pool/198679.jpg,./dataset/celeba/pool/043372.jpg
./dataset/celeba/pool/072837.jpg,./dataset/celeba/pool/078286.jpg,./dataset/celeba/pool/123959.jpg
./dataset/celeba/pool/199574.jpg,./dataset/celeba/pool/031850.jpg,./dataset/celeba/pool/199495.jpg
./dataset/celeba/pool/069439.jpg,./dataset/celeba/pool/005735.jpg,./dataset/celeba/pool/017788.jpg
./dataset/celeba/pool/156375.jpg,./dataset/celeba/pool/134835.jpg,./dataset/celeba/pool/067454.jpg
./dataset/celeba/pool/059842.jpg,./dataset/celeba/pool/196692.jpg,./dataset/celeba/pool/174623.jpg
./dataset/celeba/pool/096062.jpg,./dataset/celeba/pool/196879.jpg,./dataset/celeba/pool/083941.jpg
./dataset/celeba/pool/114099.jpg,./dataset/celeba/pool/122818.jpg,./dataset/celeba/pool/189977.jpg
./dataset/celeba/pool/189667.jpg,./dataset/celeba/pool/088126.jpg,./dataset/celeba/pool/033089.jpg
./dataset/celeba/pool/170335.jpg,./dataset/celeba/pool/069731.jpg,./dataset/celeba/pool/145730.jpg
./dataset/celeba/pool/167677.jpg,./dataset/celeba/pool/058194.jpg,./dataset/celeba/pool/150253.jpg
./dataset/celeba/pool/120792.jpg,./dataset/celeba/pool/141968.jpg,./dataset/celeba/pool/087185.jpg
./dataset/celeba/pool/066562.jpg,./dataset/celeba/pool/007917.jpg,./dataset/celeba/pool/160104.jpg
./dataset/celeba/pool/178833.jpg,./dataset/celeba/pool/005530.jpg,./dataset/celeba/pool/096162.jpg
./dataset/celeba/pool/126545.jpg,./dataset/celeba/pool/027033.jpg,./dataset/celeba/pool/039830.jpg
./dataset/celeba/pool/196364.jpg,./dataset/celeba/pool/159989.jpg,./dataset/celeba/pool/195523.jpg
./dataset/celeba/pool/197359.jpg,./dataset/celeba/pool/134128.jpg,./dataset/celeba/pool/075398.jpg
./dataset/celeba/pool/068217.jpg,./dataset/celeba/pool/071255.jpg,./dataset/celeba/pool/089589.jpg
./dataset/celeba/pool/164957.jpg,./dataset/celeba/pool/092071.jpg,./dataset/celeba/pool/020981.jpg
./dataset/celeba/pool/081074.jpg,./dataset/celeba/pool/131774.jpg,./dataset/celeba/pool/192284.jpg
./dataset/celeba/pool/107850.jpg,./dataset/celeba/pool/147303.jpg,./dataset/celeba/pool/070880.jpg
./dataset/celeba/pool/178141.jpg,./dataset/celeba/pool/022645.jpg,./dataset/celeba/pool/113601.jpg
./dataset/celeba/pool/152097.jpg,./dataset/celeba/pool/042836.jpg,./dataset/celeba/pool/091831.jpg
./dataset/celeba/pool/122470.jpg,./dataset/celeba/pool/174164.jpg,./dataset/celeba/pool/182818.jpg
./dataset/celeba/pool/145918.jpg,./dataset/celeba/pool/059793.jpg,./dataset/celeba/pool/049386.jpg
./dataset/celeba/pool/017109.jpg,./dataset/celeba/pool/007486.jpg,./dataset/celeba/pool/031897.jpg
./dataset/celeba/pool/196513.jpg,./dataset/celeba/pool/182356.jpg,./dataset/celeba/pool/098129.jpg
./dataset/celeba/pool/068263.jpg,./dataset/celeba/pool/093356.jpg,./dataset/celeba/pool/059442.jpg
./dataset/celeba/pool/125047.jpg,./dataset/celeba/pool/053245.jpg,./dataset/celeba/pool/020396.jpg
./dataset/celeba/pool/093252.jpg,./dataset/celeba/pool/198251.jpg,./dataset/celeba/pool/011934.jpg
./dataset/celeba/pool/175115.jpg,./dataset/celeba/pool/138708.jpg,./dataset/celeba/pool/033943.jpg
./dataset/celeba/pool/186607.jpg,./dataset/celeba/pool/194887.jpg,./dataset/celeba/pool/051583.jpg
./dataset/celeba/pool/192338.jpg,./dataset/celeba/pool/024669.jpg,./dataset/celeba/pool/002235.jpg
./dataset/celeba/pool/011814.jpg,./dataset/celeba/pool/200093.jpg,./dataset/celeba/pool/082798.jpg
./dataset/celeba/pool/109232.jpg,./dataset/celeba/pool/000590.jpg,./dataset/celeba/pool/089781.jpg
./dataset/celeba/pool/054873.jpg,./dataset/celeba/pool/044161.jpg,./dataset/celeba/pool/087173.jpg
./dataset/celeba/pool/181410.jpg,./dataset/celeba/pool/021149.jpg,./dataset/celeba/pool/136974.jpg
./dataset/celeba/pool/169006.jpg,./dataset/celeba/pool/079183.jpg,./dataset/celeba/pool/065261.jpg
./dataset/celeba/pool/173570.jpg,./dataset/celeba/pool/036854.jpg,./dataset/celeba/pool/093736.jpg
./dataset/celeba/pool/046879.jpg,./dataset/celeba/pool/147736.jpg,./dataset/celeba/pool/006413.jpg
./dataset/celeba/pool/158096.jpg,./dataset/celeba/pool/114949.jpg,./dataset/celeba/pool/177898.jpg
./dataset/celeba/pool/029829.jpg,./dataset/celeba/pool/068839.jpg,./dataset/celeba/pool/048950.jpg
./dataset/celeba/pool/167095.jpg,./dataset/celeba/pool/081875.jpg,./dataset/celeba/pool/151748.jpg
./dataset/celeba/pool/002283.jpg,./dataset/celeba/pool/031617.jpg,./dataset/celeba/pool/094747.jpg
./dataset/celeba/pool/011880.jpg,./dataset/celeba/pool/079098.jpg,./dataset/celeba/pool/066969.jpg
./dataset/celeba/pool/182699.jpg,./dataset/celeba/pool/153411.jpg,./dataset/celeba/pool/070318.jpg
./dataset/celeba/pool/088547.jpg,./dataset/celeba/pool/154079.jpg,./dataset/celeba/pool/123341.jpg
./dataset/celeba/pool/113135.jpg,./dataset/celeba/pool/092187.jpg,./dataset/celeba/pool/097978.jpg
./dataset/celeba/pool/090308.jpg,./dataset/celeba/pool/182138.jpg,./dataset/celeba/pool/018079.jpg
./dataset/celeba/pool/010210.jpg,./dataset/celeba/pool/060219.jpg,./dataset/celeba/pool/192817.jpg
./dataset/celeba/pool/049964.jpg,./dataset/celeba/pool/109843.jpg,./dataset/celeba/pool/109684.jpg
./dataset/celeba/pool/144069.jpg,./dataset/celeba/pool/100957.jpg,./dataset/celeba/pool/182403.jpg
./dataset/celeba/pool/083970.jpg,./dataset/celeba/pool/192734.jpg,./dataset/celeba/pool/157215.jpg
./dataset/celeba/pool/073595.jpg,./dataset/celeba/pool/068232.jpg,./dataset/celeba/pool/102499.jpg
./dataset/celeba/pool/191658.jpg,./dataset/celeba/pool/105610.jpg,./dataset/celeba/pool/054281.jpg
./dataset/celeba/pool/118542.jpg,./dataset/celeba/pool/184884.jpg,./dataset/celeba/pool/061738.jpg
./dataset/celeba/pool/083253.jpg,./dataset/celeba/pool/187259.jpg,./dataset/celeba/pool/180280.jpg
./dataset/celeba/pool/083097.jpg,./dataset/celeba/pool/087224.jpg,./dataset/celeba/pool/100907.jpg
./dataset/celeba/pool/192494.jpg,./dataset/celeba/pool/038364.jpg,./dataset/celeba/pool/049317.jpg
./dataset/celeba/pool/122781.jpg,./dataset/celeba/pool/168640.jpg,./dataset/celeba/pool/053710.jpg
./dataset/celeba/pool/053969.jpg,./dataset/celeba/pool/132912.jpg,./dataset/celeba/pool/052093.jpg
./dataset/celeba/pool/154838.jpg,./dataset/celeba/pool/033194.jpg,./dataset/celeba/pool/174300.jpg
./dataset/celeba/pool/130571.jpg,./dataset/celeba/pool/033585.jpg,./dataset/celeba/pool/165782.jpg
./dataset/celeba/pool/138905.jpg,./dataset/celeba/pool/167635.jpg,./dataset/celeba/pool/077764.jpg
./dataset/celeba/pool/046633.jpg,./dataset/celeba/pool/144780.jpg,./dataset/celeba/pool/117524.jpg
./dataset/celeba/pool/048261.jpg,./dataset/celeba/pool/102005.jpg,./dataset/celeba/pool/137844.jpg
./dataset/celeba/pool/016043.jpg,./dataset/celeba/pool/132964.jpg,./dataset/celeba/pool/049251.jpg
./dataset/celeba/pool/201281.jpg,./dataset/celeba/pool/037881.jpg,./dataset/celeba/pool/075067.jpg
./dataset/celeba/pool/024556.jpg,./dataset/celeba/pool/034205.jpg,./dataset/celeba/pool/129975.jpg
./dataset/celeba/pool/117433.jpg,./dataset/celeba/pool/165462.jpg,./dataset/celeba/pool/186569.jpg
./dataset/celeba/pool/056693.jpg,./dataset/celeba/pool/164419.jpg,./dataset/celeba/pool/185743.jpg
./dataset/celeba/pool/197075.jpg,./dataset/celeba/pool/135808.jpg,./dataset/celeba/pool/028252.jpg
./dataset/celeba/pool/168955.jpg,./dataset/celeba/pool/002964.jpg,./dataset/celeba/pool/050870.jpg
./dataset/celeba/pool/140408.jpg,./dataset/celeba/pool/153995.jpg,./dataset/celeba/pool/076537.jpg
./dataset/celeba/pool/162121.jpg,./dataset/celeba/pool/184011.jpg,./dataset/celeba/pool/005508.jpg
./dataset/celeba/pool/064138.jpg,./dataset/celeba/pool/181479.jpg,./dataset/celeba/pool/200640.jpg
./dataset/celeba/pool/044953.jpg,./dataset/celeba/pool/080536.jpg,./dataset/celeba/pool/178578.jpg
./dataset/celeba/pool/025480.jpg,./dataset/celeba/pool/199140.jpg,./dataset/celeba/pool/119385.jpg
./dataset/celeba/pool/073013.jpg,./dataset/celeba/pool/022906.jpg,./dataset/celeba/pool/164071.jpg
./dataset/celeba/pool/111121.jpg,./dataset/celeba/pool/021752.jpg,./dataset/celeba/pool/096549.jpg
./dataset/celeba/pool/172018.jpg,./dataset/celeba/pool/187379.jpg,./dataset/celeba/pool/170376.jpg
./dataset/celeba/pool/076137.jpg,./dataset/celeba/pool/169977.jpg,./dataset/celeba/pool/069748.jpg
./dataset/celeba/pool/085912.jpg,./dataset/celeba/pool/146929.jpg,./dataset/celeba/pool/113327.jpg
./dataset/celeba/pool/083281.jpg,./dataset/celeba/pool/064378.jpg,./dataset/celeba/pool/016170.jpg
./dataset/celeba/pool/030249.jpg,./dataset/celeba/pool/005762.jpg,./dataset/celeba/pool/171719.jpg
./dataset/celeba/pool/195365.jpg,./dataset/celeba/pool/161671.jpg,./dataset/celeba/pool/009630.jpg
./dataset/celeba/pool/039719.jpg,./dataset/celeba/pool/056168.jpg,./dataset/celeba/pool/155581.jpg
./dataset/celeba/pool/111006.jpg,./dataset/celeba/pool/026753.jpg,./dataset/celeba/pool/022183.jpg
./dataset/celeba/pool/130159.jpg,./dataset/celeba/pool/151524.jpg,./dataset/celeba/pool/146055.jpg
./dataset/celeba/pool/121821.jpg,./dataset/celeba/pool/132198.jpg,./dataset/celeba/pool/124007.jpg
./dataset/celeba/pool/161673.jpg,./dataset/celeba/pool/185166.jpg,./dataset/celeba/pool/041957.jpg
./dataset/celeba/pool/041686.jpg,./dataset/celeba/pool/104010.jpg,./dataset/celeba/pool/157954.jpg
./dataset/celeba/pool/119760.jpg,./dataset/celeba/pool/024217.jpg,./dataset/celeba/pool/039875.jpg
./dataset/celeba/pool/015522.jpg,./dataset/celeba/pool/148817.jpg,./dataset/celeba/pool/151387.jpg
./dataset/celeba/pool/038697.jpg,./dataset/celeba/pool/109266.jpg,./dataset/celeba/pool/140689.jpg
./dataset/celeba/pool/167688.jpg,./dataset/celeba/pool/197159.jpg,./dataset/celeba/pool/135776.jpg
./dataset/celeba/pool/103751.jpg,./dataset/celeba/pool/104409.jpg,./dataset/celeba/pool/003820.jpg
./dataset/celeba/pool/098050.jpg,./dataset/celeba/pool/118161.jpg,./dataset/celeba/pool/098557.jpg
./dataset/celeba/pool/049562.jpg,./dataset/celeba/pool/188234.jpg,./dataset/celeba/pool/135919.jpg
./dataset/celeba/pool/131919.jpg,./dataset/celeba/pool/120782.jpg,./dataset/celeba/pool/003481.jpg
./dataset/celeba/pool/126494.jpg,./dataset/celeba/pool/103791.jpg,./dataset/celeba/pool/119234.jpg
./dataset/celeba/pool/047247.jpg,./dataset/celeba/pool/014574.jpg,./dataset/celeba/pool/142193.jpg
./dataset/celeba/pool/041385.jpg,./dataset/celeba/pool/037812.jpg,./dataset/celeba/pool/119940.jpg
./dataset/celeba/pool/018202.jpg,./dataset/celeba/pool/026937.jpg,./dataset/celeba/pool/004951.jpg
./dataset/celeba/pool/096802.jpg,./dataset/celeba/pool/089403.jpg,./dataset/celeba/pool/013333.jpg
./dataset/celeba/pool/194203.jpg,./dataset/celeba/pool/164528.jpg,./dataset/celeba/pool/054415.jpg
./dataset/celeba/pool/094745.jpg,./dataset/celeba/pool/037329.jpg,./dataset/celeba/pool/182716.jpg
./dataset/celeba/pool/133181.jpg,./dataset/celeba/pool/109512.jpg,./dataset/celeba/pool/164328.jpg
./dataset/celeba/pool/096484.jpg,./dataset/celeba/pool/164692.jpg,./dataset/celeba/pool/133168.jpg
./dataset/celeba/pool/031009.jpg,./dataset/celeba/pool/124123.jpg,./dataset/celeba/pool/067710.jpg
./dataset/celeba/pool/102870.jpg,./dataset/celeba/pool/169524.jpg,./dataset/celeba/pool/087031.jpg
./dataset/celeba/pool/078090.jpg,./dataset/celeba/pool/089059.jpg,./dataset/celeba/pool/066542.jpg
./dataset/celeba/pool/167806.jpg,./dataset/celeba/pool/181102.jpg,./dataset/celeba/pool/103804.jpg
./dataset/celeba/pool/061729.jpg,./dataset/celeba/pool/134049.jpg,./dataset/celeba/pool/137831.jpg
./dataset/celeba/pool/052873.jpg,./dataset/celeba/pool/107805.jpg,./dataset/celeba/pool/109002.jpg
./dataset/celeba/pool/026869.jpg,./dataset/celeba/pool/011842.jpg,./dataset/celeba/pool/179400.jpg
./dataset/celeba/pool/086013.jpg,./dataset/celeba/pool/076567.jpg,./dataset/celeba/pool/120503.jpg
./dataset/celeba/pool/101571.jpg,./dataset/celeba/pool/115235.jpg,./dataset/celeba/pool/067827.jpg
./dataset/celeba/pool/036986.jpg,./dataset/celeba/pool/038492.jpg,./dataset/celeba/pool/184301.jpg
./dataset/celeba/pool/168953.jpg,./dataset/celeba/pool/076592.jpg,./dataset/celeba/pool/094813.jpg
./dataset/celeba/pool/028107.jpg,./dataset/celeba/pool/174276.jpg,./dataset/celeba/pool/025646.jpg
./dataset/celeba/pool/062203.jpg,./dataset/celeba/pool/107637.jpg,./dataset/celeba/pool/176391.jpg
./dataset/celeba/pool/028584.jpg,./dataset/celeba/pool/164551.jpg,./dataset/celeba/pool/114967.jpg
./dataset/celeba/pool/062497.jpg,./dataset/celeba/pool/165140.jpg,./dataset/celeba/pool/081401.jpg
./dataset/celeba/pool/114105.jpg,./dataset/celeba/pool/197076.jpg,./dataset/celeba/pool/199453.jpg
./dataset/celeba/pool/133202.jpg,./dataset/celeba/pool/139421.jpg,./dataset/celeba/pool/186719.jpg
./dataset/celeba/pool/157290.jpg,./dataset/celeba/pool/100634.jpg,./dataset/celeba/pool/039823.jpg
./dataset/celeba/pool/097369.jpg,./dataset/celeba/pool/123938.jpg,./dataset/celeba/pool/000674.jpg
./dataset/celeba/pool/144798.jpg,./dataset/celeba/pool/151750.jpg,./dataset/celeba/pool/029704.jpg
./dataset/celeba/pool/081707.jpg,./dataset/celeba/pool/089592.jpg,./dataset/celeba/pool/165032.jpg
./dataset/celeba/pool/048690.jpg,./dataset/celeba/pool/126333.jpg,./dataset/celeba/pool/106510.jpg
./dataset/celeba/pool/005346.jpg,./dataset/celeba/pool/050762.jpg,./dataset/celeba/pool/136833.jpg
./dataset/celeba/pool/199576.jpg,./dataset/celeba/pool/126387.jpg,./dataset/celeba/pool/165661.jpg
./dataset/celeba/pool/189864.jpg,./dataset/celeba/pool/060648.jpg,./dataset/celeba/pool/079312.jpg
./dataset/celeba/pool/136225.jpg,./dataset/celeba/pool/038408.jpg,./dataset/celeba/pool/058239.jpg
./dataset/celeba/pool/202364.jpg,./dataset/celeba/pool/115501.jpg,./dataset/celeba/pool/034741.jpg
./dataset/celeba/pool/026422.jpg,./dataset/celeba/pool/054809.jpg,./dataset/celeba/pool/120136.jpg
./dataset/celeba/pool/027067.jpg,./dataset/celeba/pool/178167.jpg,./dataset/celeba/pool/106741.jpg
./dataset/celeba/pool/125596.jpg,./dataset/celeba/pool/190859.jpg,./dataset/celeba/pool/041864.jpg
./dataset/celeba/pool/182436.jpg,./dataset/celeba/pool/023763.jpg,./dataset/celeba/pool/115906.jpg
./dataset/celeba/pool/055947.jpg,./dataset/celeba/pool/183295.jpg,./dataset/celeba/pool/197408.jpg
./dataset/celeba/pool/143885.jpg,./dataset/celeba/pool/093039.jpg,./dataset/celeba/pool/150812.jpg
./dataset/celeba/pool/016652.jpg,./dataset/celeba/pool/189426.jpg,./dataset/celeba/pool/055875.jpg
./dataset/celeba/pool/041773.jpg,./dataset/celeba/pool/091940.jpg,./dataset/celeba/pool/106703.jpg
./dataset/celeba/pool/028325.jpg,./dataset/celeba/pool/047195.jpg,./dataset/celeba/pool/138362.jpg
./dataset/celeba/pool/009290.jpg,./dataset/celeba/pool/102218.jpg,./dataset/celeba/pool/200964.jpg
./dataset/celeba/pool/118979.jpg,./dataset/celeba/pool/085730.jpg,./dataset/celeba/pool/168162.jpg
./dataset/celeba/pool/091937.jpg,./dataset/celeba/pool/071019.jpg,./dataset/celeba/pool/048760.jpg
./dataset/celeba/pool/156181.jpg,./dataset/celeba/pool/028204.jpg,./dataset/celeba/pool/190966.jpg
./dataset/celeba/pool/087347.jpg,./dataset/celeba/pool/125555.jpg,./dataset/celeba/pool/039148.jpg
./dataset/celeba/pool/128851.jpg,./dataset/celeba/pool/169544.jpg,./dataset/celeba/pool/202343.jpg
./dataset/celeba/pool/200469.jpg,./dataset/celeba/pool/037491.jpg,./dataset/celeba/pool/191962.jpg
./dataset/celeba/pool/132054.jpg,./dataset/celeba/pool/023071.jpg,./dataset/celeba/pool/164998.jpg
./dataset/celeba/pool/164993.jpg,./dataset/celeba/pool/155909.jpg,./dataset/celeba/pool/162489.jpg
./dataset/celeba/pool/056211.jpg,./dataset/celeba/pool/202577.jpg,./dataset/celeba/pool/073320.jpg
./dataset/celeba/pool/003397.jpg,./dataset/celeba/pool/000480.jpg,./dataset/celeba/pool/176890.jpg
./dataset/celeba/pool/075581.jpg,./dataset/celeba/pool/197538.jpg,./dataset/celeba/pool/088638.jpg
./dataset/celeba/pool/098906.jpg,./dataset/celeba/pool/139879.jpg,./dataset/celeba/pool/140826.jpg
./dataset/celeba/pool/081985.jpg,./dataset/celeba/pool/114214.jpg,./dataset/celeba/pool/196193.jpg
./dataset/celeba/pool/107246.jpg,./dataset/celeba/pool/067574.jpg,./dataset/celeba/pool/033120.jpg
./dataset/celeba/pool/179253.jpg,./dataset/celeba/pool/114098.jpg,./dataset/celeba/pool/086967.jpg
./dataset/celeba/pool/044041.jpg,./dataset/celeba/pool/190091.jpg,./dataset/celeba/pool/095651.jpg
./dataset/celeba/pool/023080.jpg,./dataset/celeba/pool/122636.jpg,./dataset/celeba/pool/064381.jpg
./dataset/celeba/pool/039500.jpg,./dataset/celeba/pool/179933.jpg,./dataset/celeba/pool/077449.jpg
./dataset/celeba/pool/133202.jpg,./dataset/celeba/pool/087855.jpg,./dataset/celeba/pool/030789.jpg
./dataset/celeba/pool/195485.jpg,./dataset/celeba/pool/075226.jpg,./dataset/celeba/pool/023311.jpg
./dataset/celeba/pool/106121.jpg,./dataset/celeba/pool/153968.jpg,./dataset/celeba/pool/042099.jpg
./dataset/celeba/pool/000914.jpg,./dataset/celeba/pool/101215.jpg,./dataset/celeba/pool/057422.jpg
./dataset/celeba/pool/122112.jpg,./dataset/celeba/pool/065727.jpg,./dataset/celeba/pool/074534.jpg
./dataset/celeba/pool/057278.jpg,./dataset/celeba/pool/055564.jpg,./dataset/celeba/pool/052765.jpg
./dataset/celeba/pool/105196.jpg,./dataset/celeba/pool/176394.jpg,./dataset/celeba/pool/149236.jpg
./dataset/celeba/pool/097379.jpg,./dataset/celeba/pool/164890.jpg,./dataset/celeba/pool/184492.jpg
./dataset/celeba/pool/086074.jpg,./dataset/celeba/pool/006491.jpg,./dataset/celeba/pool/189573.jpg
./dataset/celeba/pool/058065.jpg,./dataset/celeba/pool/093100.jpg,./dataset/celeba/pool/035784.jpg
./dataset/celeba/pool/155795.jpg,./dataset/celeba/pool/051798.jpg,./dataset/celeba/pool/054364.jpg
./dataset/celeba/pool/136005.jpg,./dataset/celeba/pool/000781.jpg,./dataset/celeba/pool/178729.jpg
./dataset/celeba/pool/054828.jpg,./dataset/celeba/pool/073874.jpg,./dataset/celeba/pool/055276.jpg
./dataset/celeba/pool/198758.jpg,./dataset/celeba/pool/155625.jpg,./dataset/celeba/pool/192901.jpg
./dataset/celeba/pool/201501.jpg,./dataset/celeba/pool/096258.jpg,./dataset/celeba/pool/018282.jpg
./dataset/celeba/pool/108295.jpg,./dataset/celeba/pool/083115.jpg,./dataset/celeba/pool/065247.jpg
./dataset/celeba/pool/002448.jpg,./dataset/celeba/pool/104279.jpg,./dataset/celeba/pool/099869.jpg
./dataset/celeba/pool/041784.jpg,./dataset/celeba/pool/037743.jpg,./dataset/celeba/pool/141374.jpg
./dataset/celeba/pool/053192.jpg,./dataset/celeba/pool/104306.jpg,./dataset/celeba/pool/063130.jpg
./dataset/celeba/pool/033222.jpg,./dataset/celeba/pool/192736.jpg,./dataset/celeba/pool/181533.jpg
./dataset/celeba/pool/053747.jpg,./dataset/celeba/pool/067099.jpg,./dataset/celeba/pool/062642.jpg
./dataset/celeba/pool/062743.jpg,./dataset/celeba/pool/125880.jpg,./dataset/celeba/pool/144626.jpg
./dataset/celeba/pool/079812.jpg,./dataset/celeba/pool/096433.jpg,./dataset/celeba/pool/046911.jpg
./dataset/celeba/pool/020777.jpg,./dataset/celeba/pool/164024.jpg,./dataset/celeba/pool/000027.jpg
./dataset/celeba/pool/046566.jpg,./dataset/celeba/pool/117918.jpg,./dataset/celeba/pool/039920.jpg
./dataset/celeba/pool/103542.jpg,./dataset/celeba/pool/160478.jpg,./dataset/celeba/pool/197741.jpg
./dataset/celeba/pool/054354.jpg,./dataset/celeba/pool/160337.jpg,./dataset/celeba/pool/145634.jpg
./dataset/celeba/pool/105541.jpg,./dataset/celeba/pool/114794.jpg,./dataset/celeba/pool/081800.jpg
./dataset/celeba/pool/190782.jpg,./dataset/celeba/pool/103811.jpg,./dataset/celeba/pool/002683.jpg
./dataset/celeba/pool/170483.jpg,./dataset/celeba/pool/008359.jpg,./dataset/celeba/pool/198260.jpg
./dataset/celeba/pool/079623.jpg,./dataset/celeba/pool/019649.jpg,./dataset/celeba/pool/178990.jpg
./dataset/celeba/pool/198927.jpg,./dataset/celeba/pool/058916.jpg,./dataset/celeba/pool/182593.jpg
./dataset/celeba/pool/145484.jpg,./dataset/celeba/pool/149676.jpg,./dataset/celeba/pool/079566.jpg
./dataset/celeba/pool/201229.jpg,./dataset/celeba/pool/108852.jpg,./dataset/celeba/pool/127922.jpg
./dataset/celeba/pool/202473.jpg,./dataset/celeba/pool/094723.jpg,./dataset/celeba/pool/081791.jpg
./dataset/celeba/pool/184582.jpg,./dataset/celeba/pool/025600.jpg,./dataset/celeba/pool/082566.jpg
./dataset/celeba/pool/201641.jpg,./dataset/celeba/pool/014654.jpg,./dataset/celeba/pool/190955.jpg
./dataset/celeba/pool/192798.jpg,./dataset/celeba/pool/194475.jpg,./dataset/celeba/pool/176632.jpg
./dataset/celeba/pool/202255.jpg,./dataset/celeba/pool/078221.jpg,./dataset/celeba/pool/079257.jpg
./dataset/celeba/pool/166455.jpg,./dataset/celeba/pool/102857.jpg,./dataset/celeba/pool/091083.jpg
./dataset/celeba/pool/061612.jpg,./dataset/celeba/pool/194853.jpg,./dataset/celeba/pool/079916.jpg
./dataset/celeba/pool/152475.jpg,./dataset/celeba/pool/142558.jpg,./dataset/celeba/pool/094433.jpg
./dataset/celeba/pool/119366.jpg,./dataset/celeba/pool/124857.jpg,./dataset/celeba/pool/167406.jpg
./dataset/celeba/pool/152738.jpg,./dataset/celeba/pool/159155.jpg,./dataset/celeba/pool/066228.jpg
./dataset/celeba/pool/082278.jpg,./dataset/celeba/pool/090994.jpg,./dataset/celeba/pool/006666.jpg
./dataset/celeba/pool/001544.jpg,./dataset/celeba/pool/172948.jpg,./dataset/celeba/pool/200643.jpg
./dataset/celeba/pool/044617.jpg,./dataset/celeba/pool/158429.jpg,./dataset/celeba/pool/121077.jpg
./dataset/celeba/pool/105176.jpg,./dataset/celeba/pool/103049.jpg,./dataset/celeba/pool/113880.jpg
./dataset/celeba/pool/078199.jpg,./dataset/celeba/pool/103695.jpg,./dataset/celeba/pool/176720.jpg
./dataset/celeba/pool/034725.jpg,./dataset/celeba/pool/106650.jpg,./dataset/celeba/pool/196953.jpg
./dataset/celeba/pool/144047.jpg,./dataset/celeba/pool/027038.jpg,./dataset/celeba/pool/142396.jpg
./dataset/celeba/pool/070436.jpg,./dataset/celeba/pool/188703.jpg,./dataset/celeba/pool/078052.jpg
./dataset/celeba/pool/129927.jpg,./dataset/celeba/pool/046502.jpg,./dataset/celeba/pool/151310.jpg
./dataset/celeba/pool/113338.jpg,./dataset/celeba/pool/179403.jpg,./dataset/celeba/pool/146928.jpg
./dataset/celeba/pool/126507.jpg,./dataset/celeba/pool/034331.jpg,./dataset/celeba/pool/050305.jpg
./dataset/celeba/pool/084902.jpg,./dataset/celeba/pool/139243.jpg,./dataset/celeba/pool/134957.jpg
./dataset/celeba/pool/127307.jpg,./dataset/celeba/pool/086207.jpg,./dataset/celeba/pool/061295.jpg
./dataset/celeba/pool/118322.jpg,./dataset/celeba/pool/167704.jpg,./dataset/celeba/pool/063711.jpg
./dataset/celeba/pool/089954.jpg,./dataset/celeba/pool/006755.jpg,./dataset/celeba/pool/184172.jpg
./dataset/celeba/pool/018882.jpg,./dataset/celeba/pool/034252.jpg,./dataset/celeba/pool/126108.jpg
./dataset/celeba/pool/084885.jpg,./dataset/celeba/pool/091668.jpg,./dataset/celeba/pool/122014.jpg
./dataset/celeba/pool/133486.jpg,./dataset/celeba/pool/163679.jpg,./dataset/celeba/pool/102935.jpg
./dataset/celeba/pool/164354.jpg,./dataset/celeba/pool/015839.jpg,./dataset/celeba/pool/031840.jpg
./dataset/celeba/pool/069264.jpg,./dataset/celeba/pool/024698.jpg,./dataset/celeba/pool/136138.jpg
./dataset/celeba/pool/109095.jpg,./dataset/celeba/pool/081000.jpg,./dataset/celeba/pool/163919.jpg
./dataset/celeba/pool/017749.jpg,./dataset/celeba/pool/008307.jpg,./dataset/celeba/pool/149443.jpg
./dataset/celeba/pool/093856.jpg,./dataset/celeba/pool/198663.jpg,./dataset/celeba/pool/112521.jpg
./dataset/celeba/pool/097398.jpg,./dataset/celeba/pool/072851.jpg,./dataset/celeba/pool/066707.jpg
./dataset/celeba/pool/105262.jpg,./dataset/celeba/pool/127994.jpg,./dataset/celeba/pool/173945.jpg
./dataset/celeba/pool/054625.jpg,./dataset/celeba/pool/068915.jpg,./dataset/celeba/pool/071607.jpg
./dataset/celeba/pool/083854.jpg,./dataset/celeba/pool/060922.jpg,./dataset/celeba/pool/024402.jpg
./dataset/celeba/pool/166211.jpg,./dataset/celeba/pool/050055.jpg,./dataset/celeba/pool/024405.jpg
./dataset/celeba/pool/145188.jpg,./dataset/celeba/pool/104426.jpg,./dataset/celeba/pool/028243.jpg
./dataset/celeba/pool/057064.jpg,./dataset/celeba/pool/075728.jpg,./dataset/celeba/pool/041358.jpg
./dataset/celeba/pool/042672.jpg,./dataset/celeba/pool/061548.jpg,./dataset/celeba/pool/007521.jpg
./dataset/celeba/pool/057296.jpg,./dataset/celeba/pool/051401.jpg,./dataset/celeba/pool/141590.jpg
./dataset/celeba/pool/153923.jpg,./dataset/celeba/pool/197242.jpg,./dataset/celeba/pool/159860.jpg
./dataset/celeba/pool/146362.jpg,./dataset/celeba/pool/129137.jpg,./dataset/celeba/pool/008849.jpg
./dataset/celeba/pool/148804.jpg,./dataset/celeba/pool/011476.jpg,./dataset/celeba/pool/175199.jpg
./dataset/celeba/pool/184111.jpg,./dataset/celeba/pool/155484.jpg,./dataset/celeba/pool/031032.jpg
./dataset/celeba/pool/037589.jpg,./dataset/celeba/pool/081473.jpg,./dataset/celeba/pool/167881.jpg
./dataset/celeba/pool/131390.jpg,./dataset/celeba/pool/056804.jpg,./dataset/celeba/pool/018705.jpg
./dataset/celeba/pool/166725.jpg,./dataset/celeba/pool/138063.jpg,./dataset/celeba/pool/021631.jpg
./dataset/celeba/pool/190471.jpg,./dataset/celeba/pool/032291.jpg,./dataset/celeba/pool/165910.jpg
./dataset/celeba/pool/008721.jpg,./dataset/celeba/pool/106337.jpg,./dataset/celeba/pool/043948.jpg
./dataset/celeba/pool/158184.jpg,./dataset/celeba/pool/182665.jpg,./dataset/celeba/pool/158832.jpg
./dataset/celeba/pool/194389.jpg,./dataset/celeba/pool/092068.jpg,./dataset/celeba/pool/118334.jpg
./dataset/celeba/pool/068894.jpg,./dataset/celeba/pool/113186.jpg,./dataset/celeba/pool/040698.jpg
./dataset/celeba/pool/171886.jpg,./dataset/celeba/pool/038896.jpg,./dataset/celeba/pool/168800.jpg
./dataset/celeba/pool/039445.jpg,./dataset/celeba/pool/095847.jpg,./dataset/celeba/pool/145963.jpg
./dataset/celeba/pool/104700.jpg,./dataset/celeba/pool/006813.jpg,./dataset/celeba/pool/129063.jpg
./dataset/celeba/pool/120869.jpg,./dataset/celeba/pool/065894.jpg,./dataset/celeba/pool/182928.jpg
./dataset/celeba/pool/018301.jpg,./dataset/celeba/pool/065574.jpg,./dataset/celeba/pool/137505.jpg
./dataset/celeba/pool/054880.jpg,./dataset/celeba/pool/049081.jpg,./dataset/celeba/pool/067723.jpg
./dataset/celeba/pool/105177.jpg,./dataset/celeba/pool/161512.jpg,./dataset/celeba/pool/104483.jpg
./dataset/celeba/pool/056066.jpg,./dataset/celeba/pool/181722.jpg,./dataset/celeba/pool/127237.jpg
./dataset/celeba/pool/173463.jpg,./dataset/celeba/pool/023658.jpg,./dataset/celeba/pool/004740.jpg
./dataset/celeba/pool/165307.jpg,./dataset/celeba/pool/186501.jpg,./dataset/celeba/pool/175102.jpg
./dataset/celeba/pool/132037.jpg,./dataset/celeba/pool/031656.jpg,./dataset/celeba/pool/007931.jpg
./dataset/celeba/pool/177431.jpg,./dataset/celeba/pool/067245.jpg,./dataset/celeba/pool/080308.jpg
./dataset/celeba/pool/068376.jpg,./dataset/celeba/pool/043800.jpg,./dataset/celeba/pool/032299.jpg
./dataset/celeba/pool/176702.jpg,./dataset/celeba/pool/196170.jpg,./dataset/celeba/pool/097791.jpg
./dataset/celeba/pool/089565.jpg,./dataset/celeba/pool/168362.jpg,./dataset/celeba/pool/136759.jpg
./dataset/celeba/pool/188432.jpg,./dataset/celeba/pool/200813.jpg,./dataset/celeba/pool/014863.jpg
./dataset/celeba/pool/118370.jpg,./dataset/celeba/pool/011471.jpg,./dataset/celeba/pool/029578.jpg
./dataset/celeba/pool/132778.jpg,./dataset/celeba/pool/078102.jpg,./dataset/celeba/pool/119019.jpg
./dataset/celeba/pool/126567.jpg,./dataset/celeba/pool/152450.jpg,./dataset/celeba/pool/153510.jpg
./dataset/celeba/pool/090527.jpg,./dataset/celeba/pool/105723.jpg,./dataset/celeba/pool/056051.jpg
./dataset/celeba/pool/113434.jpg,./dataset/celeba/pool/125305.jpg,./dataset/celeba/pool/055516.jpg
./dataset/celeba/pool/095598.jpg,./dataset/celeba/pool/088960.jpg,./dataset/celeba/pool/083685.jpg
./dataset/celeba/pool/107493.jpg,./dataset/celeba/pool/128502.jpg,./dataset/celeba/pool/184773.jpg
./dataset/celeba/pool/119258.jpg,./dataset/celeba/pool/048573.jpg,./dataset/celeba/pool/146199.jpg
./dataset/celeba/pool/190734.jpg,./dataset/celeba/pool/005053.jpg,./dataset/celeba/pool/010415.jpg
./dataset/celeba/pool/181239.jpg,./dataset/celeba/pool/081515.jpg,./dataset/celeba/pool/140499.jpg
./dataset/celeba/pool/042530.jpg,./dataset/celeba/pool/162766.jpg,./dataset/celeba/pool/095715.jpg
./dataset/celeba/pool/011841.jpg,./dataset/celeba/pool/150925.jpg,./dataset/celeba/pool/159103.jpg
./dataset/celeba/pool/167305.jpg,./dataset/celeba/pool/062695.jpg,./dataset/celeba/pool/153941.jpg
./dataset/celeba/pool/109441.jpg,./dataset/celeba/pool/175084.jpg,./dataset/celeba/pool/046157.jpg
./dataset/celeba/pool/197369.jpg,./dataset/celeba/pool/187316.jpg,./dataset/celeba/pool/125020.jpg
./dataset/celeba/pool/005704.jpg,./dataset/celeba/pool/118605.jpg,./dataset/celeba/pool/016085.jpg
./dataset/celeba/pool/050379.jpg,./dataset/celeba/pool/032241.jpg,./dataset/celeba/pool/022155.jpg
./dataset/celeba/pool/123892.jpg,./dataset/celeba/pool/113598.jpg,./dataset/celeba/pool/079631.jpg
./dataset/celeba/pool/024911.jpg,./dataset/celeba/pool/018705.jpg,./dataset/celeba/pool/033999.jpg
./dataset/celeba/pool/199732.jpg,./dataset/celeba/pool/197318.jpg,./dataset/celeba/pool/080879.jpg
./dataset/celeba/pool/033141.jpg,./dataset/celeba/pool/168892.jpg,./dataset/celeba/pool/008142.jpg
./dataset/celeba/pool/060231.jpg,./dataset/celeba/pool/173312.jpg,./dataset/celeba/pool/026287.jpg
./dataset/celeba/pool/006232.jpg,./dataset/celeba/pool/092332.jpg,./dataset/celeba/pool/067764.jpg
./dataset/celeba/pool/116682.jpg,./dataset/celeba/pool/121307.jpg,./dataset/celeba/pool/105342.jpg
./dataset/celeba/pool/187991.jpg,./dataset/celeba/pool/032901.jpg,./dataset/celeba/pool/182967.jpg
./dataset/celeba/pool/055183.jpg,./dataset/celeba/pool/016649.jpg,./dataset/celeba/pool/057875.jpg
./dataset/celeba/pool/093698.jpg,./dataset/celeba/pool/097545.jpg,./dataset/celeba/pool/162256.jpg
./dataset/celeba/pool/073684.jpg,./dataset/celeba/pool/033605.jpg,./dataset/celeba/pool/051679.jpg
./dataset/celeba/pool/180569.jpg,./dataset/celeba/pool/131449.jpg,./dataset/celeba/pool/091865.jpg
./dataset/celeba/pool/145326.jpg,./dataset/celeba/pool/113887.jpg,./dataset/celeba/pool/142080.jpg
./dataset/celeba/pool/054911.jpg,./dataset/celeba/pool/039347.jpg,./dataset/celeba/pool/048894.jpg
./dataset/celeba/pool/056205.jpg,./dataset/celeba/pool/071792.jpg,./dataset/celeba/pool/095338.jpg
./dataset/celeba/pool/040597.jpg,./dataset/celeba/pool/183008.jpg,./dataset/celeba/pool/066534.jpg
./dataset/celeba/pool/025567.jpg,./dataset/celeba/pool/077327.jpg,./dataset/celeba/pool/154147.jpg
./dataset/celeba/pool/071188.jpg,./dataset/celeba/pool/094660.jpg,./dataset/celeba/pool/156061.jpg
./dataset/celeba/pool/039645.jpg,./dataset/celeba/pool/156825.jpg,./dataset/celeba/pool/159240.jpg
./dataset/celeba/pool/168738.jpg,./dataset/celeba/pool/117615.jpg,./dataset/celeba/pool/189070.jpg
./dataset/celeba/pool/080574.jpg,./dataset/celeba/pool/026441.jpg,./dataset/celeba/pool/045408.jpg
./dataset/celeba/pool/159018.jpg,./dataset/celeba/pool/177680.jpg,./dataset/celeba/pool/091480.jpg
./dataset/celeba/pool/141495.jpg,./dataset/celeba/pool/093699.jpg,./dataset/celeba/pool/074080.jpg
./dataset/celeba/pool/094121.jpg,./dataset/celeba/pool/164643.jpg,./dataset/celeba/pool/110976.jpg
./dataset/celeba/pool/027303.jpg,./dataset/celeba/pool/097932.jpg,./dataset/celeba/pool/090558.jpg
./dataset/celeba/pool/132783.jpg,./dataset/celeba/pool/088131.jpg,./dataset/celeba/pool/146488.jpg
./dataset/celeba/pool/177336.jpg,./dataset/celeba/pool/176637.jpg,./dataset/celeba/pool/198472.jpg
./dataset/celeba/pool/118721.jpg,./dataset/celeba/pool/104448.jpg,./dataset/celeba/pool/069620.jpg
./dataset/celeba/pool/181229.jpg,./dataset/celeba/pool/044231.jpg,./dataset/celeba/pool/033272.jpg
./dataset/celeba/pool/027468.jpg,./dataset/celeba/pool/134469.jpg,./dataset/celeba/pool/017114.jpg
./dataset/celeba/pool/202257.jpg,./dataset/celeba/pool/045486.jpg,./dataset/celeba/pool/070429.jpg
./dataset/celeba/pool/028293.jpg,./dataset/celeba/pool/040321.jpg,./dataset/celeba/pool/073794.jpg
./dataset/celeba/pool/049278.jpg,./dataset/celeba/pool/135765.jpg,./dataset/celeba/pool/174603.jpg
./dataset/celeba/pool/191230.jpg,./dataset/celeba/pool/189258.jpg,./dataset/celeba/pool/140787.jpg
./dataset/celeba/pool/084474.jpg,./dataset/celeba/pool/105897.jpg,./dataset/celeba/pool/135976.jpg
./dataset/celeba/pool/133063.jpg,./dataset/celeba/pool/032267.jpg,./dataset/celeba/pool/133214.jpg
./dataset/celeba/pool/195869.jpg,./dataset/celeba/pool/061894.jpg,./dataset/celeba/pool/196299.jpg
./dataset/celeba/pool/034722.jpg,./dataset/celeba/pool/158247.jpg,./dataset/celeba/pool/184636.jpg
./dataset/celeba/pool/085673.jpg,./dataset/celeba/pool/024219.jpg,./dataset/celeba/pool/192174.jpg
./dataset/celeba/pool/154542.jpg,./dataset/celeba/pool/176441.jpg,./dataset/celeba/pool/122405.jpg
./dataset/celeba/pool/020362.jpg,./dataset/celeba/pool/102788.jpg,./dataset/celeba/pool/132845.jpg
./dataset/celeba/pool/088148.jpg,./dataset/celeba/pool/005933.jpg,./dataset/celeba/pool/166070.jpg
./dataset/celeba/pool/031846.jpg,./dataset/celeba/pool/160316.jpg,./dataset/celeba/pool/106460.jpg
./dataset/celeba/pool/048726.jpg,./dataset/celeba/pool/034057.jpg,./dataset/celeba/pool/140604.jpg
./dataset/celeba/pool/144078.jpg,./dataset/celeba/pool/100639.jpg,./dataset/celeba/pool/197362.jpg
./dataset/celeba/pool/192210.jpg,./dataset/celeba/pool/190467.jpg,./dataset/celeba/pool/095933.jpg
./dataset/celeba/pool/115409.jpg,./dataset/celeba/pool/080227.jpg,./dataset/celeba/pool/097611.jpg
./dataset/celeba/pool/035916.jpg,./dataset/celeba/pool/062887.jpg,./dataset/celeba/pool/121088.jpg
./dataset/celeba/pool/196614.jpg,./dataset/celeba/pool/012778.jpg,./dataset/celeba/pool/077444.jpg
./dataset/celeba/pool/025353.jpg,./dataset/celeba/pool/078259.jpg,./dataset/celeba/pool/191195.jpg
./dataset/celeba/pool/164551.jpg,./dataset/celeba/pool/010781.jpg,./dataset/celeba/pool/119653.jpg
./dataset/celeba/pool/174133.jpg,./dataset/celeba/pool/175659.jpg,./dataset/celeba/pool/144728.jpg
./dataset/celeba/pool/181220.jpg,./dataset/celeba/pool/046434.jpg,./dataset/celeba/pool/073472.jpg
./dataset/celeba/pool/006487.jpg,./dataset/celeba/pool/098384.jpg,./dataset/celeba/pool/115730.jpg
./dataset/celeba/pool/177973.jpg,./dataset/celeba/pool/006976.jpg,./dataset/celeba/pool/196483.jpg
./dataset/celeba/pool/135275.jpg,./dataset/celeba/pool/061174.jpg,./dataset/celeba/pool/101122.jpg
./dataset/celeba/pool/011346.jpg,./dataset/celeba/pool/029498.jpg,./dataset/celeba/pool/018720.jpg
./dataset/celeba/pool/137663.jpg,./dataset/celeba/pool/038226.jpg,./dataset/celeba/pool/187956.jpg
./dataset/celeba/pool/013183.jpg,./dataset/celeba/pool/198342.jpg,./dataset/celeba/pool/072770.jpg
./dataset/celeba/pool/060540.jpg,./dataset/celeba/pool/046266.jpg,./dataset/celeba/pool/164844.jpg
./dataset/celeba/pool/154565.jpg,./dataset/celeba/pool/048541.jpg,./dataset/celeba/pool/145932.jpg
./dataset/celeba/pool/121755.jpg,./dataset/celeba/pool/137030.jpg,./dataset/celeba/pool/106495.jpg
./dataset/celeba/pool/127910.jpg,./dataset/celeba/pool/166181.jpg,./dataset/celeba/pool/052195.jpg
./dataset/celeba/pool/038382.jpg,./dataset/celeba/pool/000254.jpg,./dataset/celeba/pool/050848.jpg
./dataset/celeba/pool/182248.jpg,./dataset/celeba/pool/126663.jpg,./dataset/celeba/pool/012905.jpg
./dataset/celeba/pool/110399.jpg,./dataset/celeba/pool/183214.jpg,./dataset/celeba/pool/200118.jpg
./dataset/celeba/pool/009235.jpg,./dataset/celeba/pool/111357.jpg,./dataset/celeba/pool/201173.jpg
./dataset/celeba/pool/124922.jpg,./dataset/celeba/pool/199305.jpg,./dataset/celeba/pool/168693.jpg
./dataset/celeba/pool/114618.jpg,./dataset/celeba/pool/193456.jpg,./dataset/celeba/pool/179242.jpg
./dataset/celeba/pool/121299.jpg,./dataset/celeba/pool/189238.jpg,./dataset/celeba/pool/129051.jpg
./dataset/celeba/pool/125629.jpg,./dataset/celeba/pool/015244.jpg,./dataset/celeba/pool/008389.jpg
./dataset/celeba/pool/086580.jpg,./dataset/celeba/pool/169738.jpg,./dataset/celeba/pool/049353.jpg
./dataset/celeba/pool/197106.jpg,./dataset/celeba/pool/016991.jpg,./dataset/celeba/pool/177020.jpg
./dataset/celeba/pool/081133.jpg,./dataset/celeba/pool/118788.jpg,./dataset/celeba/pool/032504.jpg
./dataset/celeba/pool/064043.jpg,./dataset/celeba/pool/133001.jpg,./dataset/celeba/pool/025327.jpg
./dataset/celeba/pool/087323.jpg,./dataset/celeba/pool/169205.jpg,./dataset/celeba/pool/037181.jpg
./dataset/celeba/pool/188738.jpg,./dataset/celeba/pool/080663.jpg,./dataset/celeba/pool/040621.jpg
./dataset/celeba/pool/046445.jpg,./dataset/celeba/pool/009860.jpg,./dataset/celeba/pool/170177.jpg
./dataset/celeba/pool/149714.jpg,./dataset/celeba/pool/004097.jpg,./dataset/celeba/pool/141437.jpg
./dataset/celeba/pool/138911.jpg,./dataset/celeba/pool/161300.jpg,./dataset/celeba/pool/157159.jpg
./dataset/celeba/pool/028688.jpg,./dataset/celeba/pool/011095.jpg,./dataset/celeba/pool/024283.jpg
./dataset/celeba/pool/073658.jpg,./dataset/celeba/pool/065783.jpg,./dataset/celeba/pool/062303.jpg
./dataset/celeba/pool/133433.jpg,./dataset/celeba/pool/036642.jpg,./dataset/celeba/pool/116991.jpg
./dataset/celeba/pool/194822.jpg,./dataset/celeba/pool/120770.jpg,./dataset/celeba/pool/058269.jpg
./dataset/celeba/pool/125244.jpg,./dataset/celeba/pool/075233.jpg,./dataset/celeba/pool/199046.jpg
./dataset/celeba/pool/082012.jpg,./dataset/celeba/pool/015752.jpg,./dataset/celeba/pool/065206.jpg
./dataset/celeba/pool/037618.jpg,./dataset/celeba/pool/085642.jpg,./dataset/celeba/pool/198974.jpg
./dataset/celeba/pool/076959.jpg,./dataset/celeba/pool/184790.jpg,./dataset/celeba/pool/007731.jpg
./dataset/celeba/pool/092061.jpg,./dataset/celeba/pool/041107.jpg,./dataset/celeba/pool/045896.jpg
./dataset/celeba/pool/182140.jpg,./dataset/celeba/pool/066667.jpg,./dataset/celeba/pool/008561.jpg
./dataset/celeba/pool/145488.jpg,./dataset/celeba/pool/138091.jpg,./dataset/celeba/pool/084478.jpg
./dataset/celeba/pool/022579.jpg,./dataset/celeba/pool/197112.jpg,./dataset/celeba/pool/117200.jpg
./dataset/celeba/pool/150249.jpg,./dataset/celeba/pool/174166.jpg,./dataset/celeba/pool/044206.jpg
./dataset/celeba/pool/186770.jpg,./dataset/celeba/pool/154324.jpg,./dataset/celeba/pool/115287.jpg
./dataset/celeba/pool/131382.jpg,./dataset/celeba/pool/094212.jpg,./dataset/celeba/pool/138937.jpg
./dataset/celeba/pool/054439.jpg,./dataset/celeba/pool/199731.jpg,./dataset/celeba/pool/177252.jpg
./dataset/celeba/pool/009753.jpg,./dataset/celeba/pool/027070.jpg,./dataset/celeba/pool/054389.jpg
./dataset/celeba/pool/107468.jpg,./dataset/celeba/pool/162469.jpg,./dataset/celeba/pool/145442.jpg
./dataset/celeba/pool/139781.jpg,./dataset/celeba/pool/109304.jpg,./dataset/celeba/pool/003814.jpg
./dataset/celeba/pool/187487.jpg,./dataset/celeba/pool/011771.jpg,./dataset/celeba/pool/156463.jpg
./dataset/celeba/pool/176083.jpg,./dataset/celeba/pool/016209.jpg,./dataset/celeba/pool/169136.jpg
./dataset/celeba/pool/183167.jpg,./dataset/celeba/pool/083263.jpg,./dataset/celeba/pool/170592.jpg
./dataset/celeba/pool/094904.jpg,./dataset/celeba/pool/127160.jpg,./dataset/celeba/pool/031871.jpg
./dataset/celeba/pool/058466.jpg,./dataset/celeba/pool/142615.jpg,./dataset/celeba/pool/038549.jpg
./dataset/celeba/pool/075263.jpg,./dataset/celeba/pool/139974.jpg,./dataset/celeba/pool/174345.jpg
./dataset/celeba/pool/017072.jpg,./dataset/celeba/pool/182105.jpg,./dataset/celeba/pool/002655.jpg
./dataset/celeba/pool/002144.jpg,./dataset/celeba/pool/127305.jpg,./dataset/celeba/pool/071360.jpg
./dataset/celeba/pool/076982.jpg,./dataset/celeba/pool/041065.jpg,./dataset/celeba/pool/006485.jpg
./dataset/celeba/pool/111990.jpg,./dataset/celeba/pool/073522.jpg,./dataset/celeba/pool/050555.jpg
./dataset/celeba/pool/140914.jpg,./dataset/celeba/pool/009299.jpg,./dataset/celeba/pool/109721.jpg
./dataset/celeba/pool/201146.jpg,./dataset/celeba/pool/038762.jpg,./dataset/celeba/pool/004961.jpg
./dataset/celeba/pool/061183.jpg,./dataset/celeba/pool/133112.jpg,./dataset/celeba/pool/106322.jpg
./dataset/celeba/pool/117492.jpg,./dataset/celeba/pool/130037.jpg,./dataset/celeba/pool/133937.jpg
./dataset/celeba/pool/184337.jpg,./dataset/celeba/pool/126639.jpg,./dataset/celeba/pool/153996.jpg
./dataset/celeba/pool/022390.jpg,./dataset/celeba/pool/152621.jpg,./dataset/celeba/pool/115413.jpg
./dataset/celeba/pool/075013.jpg,./dataset/celeba/pool/098956.jpg,./dataset/celeba/pool/160035.jpg
./dataset/celeba/pool/145207.jpg,./dataset/celeba/pool/017187.jpg,./dataset/celeba/pool/118743.jpg
./dataset/celeba/pool/140485.jpg,./dataset/celeba/pool/073972.jpg,./dataset/celeba/pool/037636.jpg
./dataset/celeba/pool/177385.jpg,./dataset/celeba/pool/095060.jpg,./dataset/celeba/pool/029441.jpg
./dataset/celeba/pool/101552.jpg,./dataset/celeba/pool/062331.jpg,./dataset/celeba/pool/122669.jpg
./dataset/celeba/pool/153521.jpg,./dataset/celeba/pool/160139.jpg,./dataset/celeba/pool/164030.jpg
./dataset/celeba/pool/029802.jpg,./dataset/celeba/pool/031850.jpg,./dataset/celeba/pool/115965.jpg
./dataset/celeba/pool/013940.jpg,./dataset/celeba/pool/063951.jpg,./dataset/celeba/pool/004294.jpg
./dataset/celeba/pool/128799.jpg,./dataset/celeba/pool/087478.jpg,./dataset/celeba/pool/034458.jpg
./dataset/celeba/pool/083999.jpg,./dataset/celeba/pool/036609.jpg,./dataset/celeba/pool/120243.jpg
./dataset/celeba/pool/149227.jpg,./dataset/celeba/pool/185890.jpg,./dataset/celeba/pool/118398.jpg
./dataset/celeba/pool/069049.jpg,./dataset/celeba/pool/137644.jpg,./dataset/celeba/pool/136399.jpg
./dataset/celeba/pool/036693.jpg,./dataset/celeba/pool/063546.jpg,./dataset/celeba/pool/005830.jpg
./dataset/celeba/pool/147672.jpg,./dataset/celeba/pool/111185.jpg,./dataset/celeba/pool/191072.jpg
./dataset/celeba/pool/112821.jpg,./dataset/celeba/pool/177840.jpg,./dataset/celeba/pool/105658.jpg
./dataset/celeba/pool/035050.jpg,./dataset/celeba/pool/175348.jpg,./dataset/celeba/pool/059870.jpg
./dataset/celeba/pool/030526.jpg,./dataset/celeba/pool/142671.jpg,./dataset/celeba/pool/100941.jpg
./dataset/celeba/pool/107042.jpg,./dataset/celeba/pool/165693.jpg,./dataset/celeba/pool/056413.jpg
./dataset/celeba/pool/131045.jpg,./dataset/celeba/pool/005648.jpg,./dataset/celeba/pool/016628.jpg
./dataset/celeba/pool/054595.jpg,./dataset/celeba/pool/190536.jpg,./dataset/celeba/pool/068313.jpg
./dataset/celeba/pool/040426.jpg,./dataset/celeba/pool/062390.jpg,./dataset/celeba/pool/186146.jpg
./dataset/celeba/pool/160845.jpg,./dataset/celeba/pool/067396.jpg,./dataset/celeba/pool/018067.jpg
./dataset/celeba/pool/174661.jpg,./dataset/celeba/pool/131613.jpg,./dataset/celeba/pool/086390.jpg
./dataset/celeba/pool/027771.jpg,./dataset/celeba/pool/089373.jpg,./dataset/celeba/pool/153357.jpg
./dataset/celeba/pool/071114.jpg,./dataset/celeba/pool/075279.jpg,./dataset/celeba/pool/188890.jpg
./dataset/celeba/pool/168154.jpg,./dataset/celeba/pool/143017.jpg,./dataset/celeba/pool/066611.jpg
./dataset/celeba/pool/016082.jpg,./dataset/celeba/pool/045813.jpg,./dataset/celeba/pool/081931.jpg
./dataset/celeba/pool/115600.jpg,./dataset/celeba/pool/133199.jpg,./dataset/celeba/pool/068215.jpg
./dataset/celeba/pool/131095.jpg,./dataset/celeba/pool/164619.jpg,./dataset/celeba/pool/050716.jpg
./dataset/celeba/pool/107635.jpg,./dataset/celeba/pool/063685.jpg,./dataset/celeba/pool/164155.jpg
./dataset/celeba/pool/120703.jpg,./dataset/celeba/pool/113687.jpg,./dataset/celeba/pool/033283.jpg
./dataset/celeba/pool/024961.jpg,./dataset/celeba/pool/022583.jpg,./dataset/celeba/pool/098193.jpg
./dataset/celeba/pool/004504.jpg,./dataset/celeba/pool/066066.jpg,./dataset/celeba/pool/012237.jpg
./dataset/celeba/pool/170847.jpg,./dataset/celeba/pool/084248.jpg,./dataset/celeba/pool/005524.jpg
./dataset/celeba/pool/070387.jpg,./dataset/celeba/pool/094287.jpg,./dataset/celeba/pool/161820.jpg
./dataset/celeba/pool/200208.jpg,./dataset/celeba/pool/176135.jpg,./dataset/celeba/pool/185561.jpg
./dataset/celeba/pool/139800.jpg,./dataset/celeba/pool/184073.jpg,./dataset/celeba/pool/000209.jpg
./dataset/celeba/pool/049625.jpg,./dataset/celeba/pool/134341.jpg,./dataset/celeba/pool/002378.jpg
./dataset/celeba/pool/156800.jpg,./dataset/celeba/pool/065215.jpg,./dataset/celeba/pool/147313.jpg
./dataset/celeba/pool/074751.jpg,./dataset/celeba/pool/061328.jpg,./dataset/celeba/pool/109382.jpg
./dataset/celeba/pool/171093.jpg,./dataset/celeba/pool/157831.jpg,./dataset/celeba/pool/016326.jpg
./dataset/celeba/pool/140098.jpg,./dataset/celeba/pool/137450.jpg,./dataset/celeba/pool/052595.jpg
./dataset/celeba/pool/191543.jpg,./dataset/celeba/pool/004759.jpg,./dataset/celeba/pool/029171.jpg
./dataset/celeba/pool/100344.jpg,./dataset/celeba/pool/056133.jpg,./dataset/celeba/pool/181310.jpg
./dataset/celeba/pool/093005.jpg,./dataset/celeba/pool/160555.jpg,./dataset/celeba/pool/072384.jpg
./dataset/celeba/pool/029860.jpg,./dataset/celeba/pool/072213.jpg,./dataset/celeba/pool/116923.jpg
./dataset/celeba/pool/101203.jpg,./dataset/celeba/pool/152271.jpg,./dataset/celeba/pool/035485.jpg
./dataset/celeba/pool/201255.jpg,./dataset/celeba/pool/036470.jpg,./dataset/celeba/pool/003588.jpg
./dataset/celeba/pool/200683.jpg,./dataset/celeba/pool/098661.jpg,./dataset/celeba/pool/003754.jpg
./dataset/celeba/pool/174170.jpg,./dataset/celeba/pool/047383.jpg,./dataset/celeba/pool/061860.jpg
./dataset/celeba/pool/196844.jpg,./dataset/celeba/pool/080237.jpg,./dataset/celeba/pool/007093.jpg
./dataset/celeba/pool/108106.jpg,./dataset/celeba/pool/166033.jpg,./dataset/celeba/pool/099454.jpg
./dataset/celeba/pool/050178.jpg,./dataset/celeba/pool/144450.jpg,./dataset/celeba/pool/006616.jpg
./dataset/celeba/pool/075185.jpg,./dataset/celeba/pool/152592.jpg,./dataset/celeba/pool/044851.jpg
./dataset/celeba/pool/167158.jpg,./dataset/celeba/pool/066087.jpg,./dataset/celeba/pool/200559.jpg
./dataset/celeba/pool/001596.jpg,./dataset/celeba/pool/109369.jpg,./dataset/celeba/pool/169717.jpg
./dataset/celeba/pool/012321.jpg,./dataset/celeba/pool/197454.jpg,./dataset/celeba/pool/036104.jpg
./dataset/celeba/pool/087392.jpg,./dataset/celeba/pool/038533.jpg,./dataset/celeba/pool/064851.jpg
./dataset/celeba/pool/042189.jpg,./dataset/celeba/pool/026434.jpg,./dataset/celeba/pool/066186.jpg
./dataset/celeba/pool/171577.jpg,./dataset/celeba/pool/097704.jpg,./dataset/celeba/pool/135790.jpg
./dataset/celeba/pool/115670.jpg,./dataset/celeba/pool/034587.jpg,./dataset/celeba/pool/176825.jpg
./dataset/celeba/pool/129969.jpg,./dataset/celeba/pool/158511.jpg,./dataset/celeba/pool/198294.jpg
./dataset/celeba/pool/076715.jpg,./dataset/celeba/pool/061533.jpg,./dataset/celeba/pool/178591.jpg
./dataset/celeba/pool/079492.jpg,./dataset/celeba/pool/020047.jpg,./dataset/celeba/pool/055105.jpg
./dataset/celeba/pool/145569.jpg,./dataset/celeba/pool/107442.jpg,./dataset/celeba/pool/163109.jpg
./dataset/celeba/pool/008601.jpg,./dataset/celeba/pool/154034.jpg,./dataset/celeba/pool/076325.jpg
./dataset/celeba/pool/132785.jpg,./dataset/celeba/pool/156608.jpg,./dataset/celeba/pool/120316.jpg
./dataset/celeba/pool/169353.jpg,./dataset/celeba/pool/013351.jpg,./dataset/celeba/pool/083891.jpg
./dataset/celeba/pool/098144.jpg,./dataset/celeba/pool/198972.jpg,./dataset/celeba/pool/191081.jpg
./dataset/celeba/pool/151815.jpg,./dataset/celeba/pool/021586.jpg,./dataset/celeba/pool/150596.jpg
./dataset/celeba/pool/138143.jpg,./dataset/celeba/pool/007676.jpg,./dataset/celeba/pool/158212.jpg
./dataset/celeba/pool/017037.jpg,./dataset/celeba/pool/186934.jpg,./dataset/celeba/pool/040081.jpg
./dataset/celeba/pool/187818.jpg,./dataset/celeba/pool/089081.jpg,./dataset/celeba/pool/029320.jpg
./dataset/celeba/pool/171133.jpg,./dataset/celeba/pool/190843.jpg,./dataset/celeba/pool/102182.jpg
./dataset/celeba/pool/036949.jpg,./dataset/celeba/pool/031767.jpg,./dataset/celeba/pool/087217.jpg
./dataset/celeba/pool/025978.jpg,./dataset/celeba/pool/151626.jpg,./dataset/celeba/pool/059903.jpg
./dataset/celeba/pool/060839.jpg,./dataset/celeba/pool/087031.jpg,./dataset/celeba/pool/076008.jpg
./dataset/celeba/pool/071445.jpg,./dataset/celeba/pool/080630.jpg,./dataset/celeba/pool/150103.jpg
./dataset/celeba/pool/009100.jpg,./dataset/celeba/pool/194070.jpg,./dataset/celeba/pool/067084.jpg
./dataset/celeba/pool/132288.jpg,./dataset/celeba/pool/115747.jpg,./dataset/celeba/pool/040864.jpg
./dataset/celeba/pool/023561.jpg,./dataset/celeba/pool/019105.jpg,./dataset/celeba/pool/075424.jpg
./dataset/celeba/pool/170478.jpg,./dataset/celeba/pool/003052.jpg,./dataset/celeba/pool/027483.jpg
./dataset/celeba/pool/031054.jpg,./dataset/celeba/pool/045193.jpg,./dataset/celeba/pool/126665.jpg
./dataset/celeba/pool/069273.jpg,./dataset/celeba/pool/083102.jpg,./dataset/celeba/pool/097991.jpg
./dataset/celeba/pool/100246.jpg,./dataset/celeba/pool/085907.jpg,./dataset/celeba/pool/066164.jpg
./dataset/celeba/pool/158552.jpg,./dataset/celeba/pool/067368.jpg,./dataset/celeba/pool/060276.jpg
./dataset/celeba/pool/075136.jpg,./dataset/celeba/pool/161911.jpg,./dataset/celeba/pool/041435.jpg
./dataset/celeba/pool/128333.jpg,./dataset/celeba/pool/014589.jpg,./dataset/celeba/pool/150434.jpg
./dataset/celeba/pool/137257.jpg,./dataset/celeba/pool/028526.jpg,./dataset/celeba/pool/105869.jpg
./dataset/celeba/pool/166692.jpg,./dataset/celeba/pool/031651.jpg,./dataset/celeba/pool/165734.jpg
./dataset/celeba/pool/094898.jpg,./dataset/celeba/pool/110392.jpg,./dataset/celeba/pool/109032.jpg
./dataset/celeba/pool/171931.jpg,./dataset/celeba/pool/016970.jpg,./dataset/celeba/pool/076218.jpg
./dataset/celeba/pool/005099.jpg,./dataset/celeba/pool/038025.jpg,./dataset/celeba/pool/086778.jpg
./dataset/celeba/pool/096231.jpg,./dataset/celeba/pool/151257.jpg,./dataset/celeba/pool/114843.jpg
./dataset/celeba/pool/101038.jpg,./dataset/celeba/pool/142726.jpg,./dataset/celeba/pool/129865.jpg
./dataset/celeba/pool/043563.jpg,./dataset/celeba/pool/019361.jpg,./dataset/celeba/pool/135089.jpg
./dataset/celeba/pool/125435.jpg,./dataset/celeba/pool/027978.jpg,./dataset/celeba/pool/137306.jpg
./dataset/celeba/pool/187298.jpg,./dataset/celeba/pool/076984.jpg,./dataset/celeba/pool/128793.jpg
./dataset/celeba/pool/201927.jpg,./dataset/celeba/pool/100158.jpg,./dataset/celeba/pool/101763.jpg
./dataset/celeba/pool/166047.jpg,./dataset/celeba/pool/018774.jpg,./dataset/celeba/pool/127517.jpg
./dataset/celeba/pool/001261.jpg,./dataset/celeba/pool/190463.jpg,./dataset/celeba/pool/041212.jpg
./dataset/celeba/pool/108928.jpg,./dataset/celeba/pool/033829.jpg,./dataset/celeba/pool/065621.jpg
./dataset/celeba/pool/032030.jpg,./dataset/celeba/pool/087128.jpg,./dataset/celeba/pool/186018.jpg
./dataset/celeba/pool/077725.jpg,./dataset/celeba/pool/129948.jpg,./dataset/celeba/pool/116342.jpg
./dataset/celeba/pool/152033.jpg,./dataset/celeba/pool/169314.jpg,./dataset/celeba/pool/090845.jpg
./dataset/celeba/pool/009443.jpg,./dataset/celeba/pool/058426.jpg,./dataset/celeba/pool/118513.jpg
./dataset/celeba/pool/012166.jpg,./dataset/celeba/pool/049557.jpg,./dataset/celeba/pool/095731.jpg
./dataset/celeba/pool/046313.jpg,./dataset/celeba/pool/144920.jpg,./dataset/celeba/pool/037061.jpg
./dataset/celeba/pool/157374.jpg,./dataset/celeba/pool/167829.jpg,./dataset/celeba/pool/182321.jpg
./dataset/celeba/pool/121168.jpg,./dataset/celeba/pool/023773.jpg,./dataset/celeba/pool/096068.jpg
./dataset/celeba/pool/103149.jpg,./dataset/celeba/pool/070561.jpg,./dataset/celeba/pool/025168.jpg
./dataset/celeba/pool/069153.jpg,./dataset/celeba/pool/055083.jpg,./dataset/celeba/pool/062602.jpg
./dataset/celeba/pool/019784.jpg,./dataset/celeba/pool/141480.jpg,./dataset/celeba/pool/159717.jpg
./dataset/celeba/pool/092519.jpg,./dataset/celeba/pool/125571.jpg,./dataset/celeba/pool/130016.jpg
./dataset/celeba/pool/091654.jpg,./dataset/celeba/pool/086078.jpg,./dataset/celeba/pool/037643.jpg
./dataset/celeba/pool/183824.jpg,./dataset/celeba/pool/044031.jpg,./dataset/celeba/pool/115262.jpg
./dataset/celeba/pool/142691.jpg,./dataset/celeba/pool/098760.jpg,./dataset/celeba/pool/013372.jpg
./dataset/celeba/pool/180160.jpg,./dataset/celeba/pool/055273.jpg,./dataset/celeba/pool/196193.jpg
./dataset/celeba/pool/105346.jpg,./dataset/celeba/pool/165105.jpg,./dataset/celeba/pool/189139.jpg
./dataset/celeba/pool/173254.jpg,./dataset/celeba/pool/065849.jpg,./dataset/celeba/pool/141761.jpg
./dataset/celeba/pool/054760.jpg,./dataset/celeba/pool/142490.jpg,./dataset/celeba/pool/157518.jpg
./dataset/celeba/pool/031321.jpg,./dataset/celeba/pool/146409.jpg,./dataset/celeba/pool/160953.jpg
./dataset/celeba/pool/172953.jpg,./dataset/celeba/pool/188379.jpg,./dataset/celeba/pool/034189.jpg
./dataset/celeba/pool/031193.jpg,./dataset/celeba/pool/199401.jpg,./dataset/celeba/pool/029466.jpg
./dataset/celeba/pool/119524.jpg,./dataset/celeba/pool/129977.jpg,./dataset/celeba/pool/069679.jpg
./dataset/celeba/pool/106991.jpg,./dataset/celeba/pool/153193.jpg,./dataset/celeba/pool/052715.jpg
./dataset/celeba/pool/176256.jpg,./dataset/celeba/pool/088986.jpg,./dataset/celeba/pool/095051.jpg
./dataset/celeba/pool/167249.jpg,./dataset/celeba/pool/108252.jpg,./dataset/celeba/pool/045694.jpg
./dataset/celeba/pool/154709.jpg,./dataset/celeba/pool/123794.jpg,./dataset/celeba/pool/200372.jpg
./dataset/celeba/pool/003426.jpg,./dataset/celeba/pool/195307.jpg,./dataset/celeba/pool/111634.jpg
./dataset/celeba/pool/043660.jpg,./dataset/celeba/pool/134960.jpg,./dataset/celeba/pool/043435.jpg
./dataset/celeba/pool/111581.jpg,./dataset/celeba/pool/160147.jpg,./dataset/celeba/pool/148620.jpg
./dataset/celeba/pool/079606.jpg,./dataset/celeba/pool/042651.jpg,./dataset/celeba/pool/199523.jpg
./dataset/celeba/pool/154040.jpg,./dataset/celeba/pool/001798.jpg,./dataset/celeba/pool/085553.jpg
./dataset/celeba/pool/053651.jpg,./dataset/celeba/pool/133497.jpg,./dataset/celeba/pool/035380.jpg
./dataset/celeba/pool/027854.jpg,./dataset/celeba/pool/029767.jpg,./dataset/celeba/pool/091209.jpg
./dataset/celeba/pool/113864.jpg,./dataset/celeba/pool/139449.jpg,./dataset/celeba/pool/165451.jpg
./dataset/celeba/pool/058743.jpg,./dataset/celeba/pool/002398.jpg,./dataset/celeba/pool/129367.jpg
./dataset/celeba/pool/012867.jpg,./dataset/celeba/pool/150598.jpg,./dataset/celeba/pool/152411.jpg
./dataset/celeba/pool/011413.jpg,./dataset/celeba/pool/029410.jpg,./dataset/celeba/pool/150495.jpg
./dataset/celeba/pool/037633.jpg,./dataset/celeba/pool/105180.jpg,./dataset/celeba/pool/192495.jpg
./dataset/celeba/pool/092383.jpg,./dataset/celeba/pool/158867.jpg,./dataset/celeba/pool/160494.jpg
./dataset/celeba/pool/083964.jpg,./dataset/celeba/pool/127081.jpg,./dataset/celeba/pool/137232.jpg
./dataset/celeba/pool/200747.jpg,./dataset/celeba/pool/048449.jpg,./dataset/celeba/pool/175772.jpg
./dataset/celeba/pool/021995.jpg,./dataset/celeba/pool/159479.jpg,./dataset/celeba/pool/038308.jpg
./dataset/celeba/pool/026395.jpg,./dataset/celeba/pool/053280.jpg,./dataset/celeba/pool/122533.jpg
./dataset/celeba/pool/182919.jpg,./dataset/celeba/pool/080276.jpg,./dataset/celeba/pool/115110.jpg
./dataset/celeba/pool/094698.jpg,./dataset/celeba/pool/107887.jpg,./dataset/celeba/pool/084361.jpg
./dataset/celeba/pool/069257.jpg,./dataset/celeba/pool/135038.jpg,./dataset/celeba/pool/060215.jpg
./dataset/celeba/pool/178066.jpg,./dataset/celeba/pool/135283.jpg,./dataset/celeba/pool/159750.jpg
./dataset/celeba/pool/096760.jpg,./dataset/celeba/pool/192402.jpg,./dataset/celeba/pool/117904.jpg
./dataset/celeba/pool/142833.jpg,./dataset/celeba/pool/114031.jpg,./dataset/celeba/pool/111317.jpg
./dataset/celeba/pool/134183.jpg,./dataset/celeba/pool/189867.jpg,./dataset/celeba/pool/164625.jpg
./dataset/celeba/pool/088922.jpg,./dataset/celeba/pool/128551.jpg,./dataset/celeba/pool/121391.jpg
./dataset/celeba/pool/143029.jpg,./dataset/celeba/pool/115588.jpg,./dataset/celeba/pool/007490.jpg
./dataset/celeba/pool/032624.jpg,./dataset/celeba/pool/176780.jpg,./dataset/celeba/pool/099293.jpg
./dataset/celeba/pool/144786.jpg,./dataset/celeba/pool/177632.jpg,./dataset/celeba/pool/187180.jpg
./dataset/celeba/pool/003352.jpg,./dataset/celeba/pool/196499.jpg,./dataset/celeba/pool/046993.jpg
./dataset/celeba/pool/115964.jpg,./dataset/celeba/pool/087781.jpg,./dataset/celeba/pool/072480.jpg
./dataset/celeba/pool/192593.jpg,./dataset/celeba/pool/065576.jpg,./dataset/celeba/pool/160124.jpg
./dataset/celeba/pool/121032.jpg,./dataset/celeba/pool/146161.jpg,./dataset/celeba/pool/007042.jpg
./dataset/celeba/pool/173452.jpg,./dataset/celeba/pool/057368.jpg,./dataset/celeba/pool/017066.jpg
./dataset/celeba/pool/181842.jpg,./dataset/celeba/pool/076504.jpg,./dataset/celeba/pool/057422.jpg
./dataset/celeba/pool/058284.jpg,./dataset/celeba/pool/110774.jpg,./dataset/celeba/pool/178186.jpg
./dataset/celeba/pool/005061.jpg,./dataset/celeba/pool/148966.jpg,./dataset/celeba/pool/156235.jpg
./dataset/celeba/pool/018044.jpg,./dataset/celeba/pool/139443.jpg,./dataset/celeba/pool/060140.jpg
./dataset/celeba/pool/005469.jpg,./dataset/celeba/pool/105441.jpg,./dataset/celeba/pool/003304.jpg
./dataset/celeba/pool/070927.jpg,./dataset/celeba/pool/044496.jpg,./dataset/celeba/pool/107107.jpg
./dataset/celeba/pool/165744.jpg,./dataset/celeba/pool/043485.jpg,./dataset/celeba/pool/106404.jpg
./dataset/celeba/pool/140704.jpg,./dataset/celeba/pool/100385.jpg,./dataset/celeba/pool/073878.jpg
./dataset/celeba/pool/197015.jpg,./dataset/celeba/pool/084960.jpg,./dataset/celeba/pool/181590.jpg
./dataset/celeba/pool/031517.jpg,./dataset/celeba/pool/003476.jpg,./dataset/celeba/pool/106504.jpg
./dataset/celeba/pool/051506.jpg,./dataset/celeba/pool/078795.jpg,./dataset/celeba/pool/130625.jpg
./dataset/celeba/pool/189934.jpg,./dataset/celeba/pool/009347.jpg,./dataset/celeba/pool/043713.jpg
./dataset/celeba/pool/175731.jpg,./dataset/celeba/pool/150986.jpg,./dataset/celeba/pool/090242.jpg
./dataset/celeba/pool/017252.jpg,./dataset/celeba/pool/004257.jpg,./dataset/celeba/pool/183272.jpg
./dataset/celeba/pool/087380.jpg,./dataset/celeba/pool/093314.jpg,./dataset/celeba/pool/043787.jpg
./dataset/celeba/pool/033708.jpg,./dataset/celeba/pool/138494.jpg,./dataset/celeba/pool/198423.jpg
./dataset/celeba/pool/015499.jpg,./dataset/celeba/pool/127192.jpg,./dataset/celeba/pool/050550.jpg
./dataset/celeba/pool/193187.jpg,./dataset/celeba/pool/034379.jpg,./dataset/celeba/pool/151066.jpg
./dataset/celeba/pool/051126.jpg,./dataset/celeba/pool/169068.jpg,./dataset/celeba/pool/150825.jpg
./dataset/celeba/pool/036723.jpg,./dataset/celeba/pool/086259.jpg,./dataset/celeba/pool/023108.jpg
./dataset/celeba/pool/102242.jpg,./dataset/celeba/pool/154972.jpg,./dataset/celeba/pool/071318.jpg
./dataset/celeba/pool/021729.jpg,./dataset/celeba/pool/120299.jpg,./dataset/celeba/pool/127103.jpg
./dataset/celeba/pool/061848.jpg,./dataset/celeba/pool/031635.jpg,./dataset/celeba/pool/005339.jpg
./dataset/celeba/pool/115041.jpg,./dataset/celeba/pool/102815.jpg,./dataset/celeba/pool/129153.jpg
./dataset/celeba/pool/091284.jpg,./dataset/celeba/pool/069869.jpg,./dataset/celeba/pool/051302.jpg
./dataset/celeba/pool/105483.jpg,./dataset/celeba/pool/015395.jpg,./dataset/celeba/pool/043668.jpg
./dataset/celeba/pool/151991.jpg,./dataset/celeba/pool/054226.jpg,./dataset/celeba/pool/139674.jpg
./dataset/celeba/pool/062292.jpg,./dataset/celeba/pool/142601.jpg,./dataset/celeba/pool/009447.jpg
./dataset/celeba/pool/058064.jpg,./dataset/celeba/pool/125764.jpg,./dataset/celeba/pool/025329.jpg
./dataset/celeba/pool/120418.jpg,./dataset/celeba/pool/196043.jpg,./dataset/celeba/pool/107442.jpg
./dataset/celeba/pool/042334.jpg,./dataset/celeba/pool/032803.jpg,./dataset/celeba/pool/055452.jpg
./dataset/celeba/pool/079879.jpg,./dataset/celeba/pool/188908.jpg,./dataset/celeba/pool/047474.jpg
./dataset/celeba/pool/015104.jpg,./dataset/celeba/pool/001431.jpg,./dataset/celeba/pool/181844.jpg
./dataset/celeba/pool/180313.jpg,./dataset/celeba/pool/142269.jpg,./dataset/celeba/pool/075020.jpg
./dataset/celeba/pool/068376.jpg,./dataset/celeba/pool/014222.jpg,./dataset/celeba/pool/017053.jpg
./dataset/celeba/pool/128636.jpg,./dataset/celeba/pool/196866.jpg,./dataset/celeba/pool/173599.jpg
./dataset/celeba/pool/060802.jpg,./dataset/celeba/pool/196025.jpg,./dataset/celeba/pool/085929.jpg
./dataset/celeba/pool/007135.jpg,./dataset/celeba/pool/124715.jpg,./dataset/celeba/pool/035882.jpg
./dataset/celeba/pool/184709.jpg,./dataset/celeba/pool/043702.jpg,./dataset/celeba/pool/088887.jpg
./dataset/celeba/pool/155925.jpg,./dataset/celeba/pool/079833.jpg,./dataset/celeba/pool/032263.jpg
./dataset/celeba/pool/012304.jpg,./dataset/celeba/pool/012108.jpg,./dataset/celeba/pool/103982.jpg
./dataset/celeba/pool/186423.jpg,./dataset/celeba/pool/038910.jpg,./dataset/celeba/pool/158166.jpg
./dataset/celeba/pool/188243.jpg,./dataset/celeba/pool/083917.jpg,./dataset/celeba/pool/003779.jpg
./dataset/celeba/pool/168379.jpg,./dataset/celeba/pool/162673.jpg,./dataset/celeba/pool/124226.jpg
./dataset/celeba/pool/024079.jpg,./dataset/celeba/pool/133157.jpg,./dataset/celeba/pool/162445.jpg
./dataset/celeba/pool/124562.jpg,./dataset/celeba/pool/013701.jpg,./dataset/celeba/pool/039699.jpg
./dataset/celeba/pool/086436.jpg,./dataset/celeba/pool/040410.jpg,./dataset/celeba/pool/059083.jpg
./dataset/celeba/pool/011648.jpg,./dataset/celeba/pool/084425.jpg,./dataset/celeba/pool/051395.jpg
./dataset/celeba/pool/145646.jpg,./dataset/celeba/pool/037065.jpg,./dataset/celeba/pool/037427.jpg
./dataset/celeba/pool/138253.jpg,./dataset/celeba/pool/072180.jpg,./dataset/celeba/pool/196975.jpg
./dataset/celeba/pool/069313.jpg,./dataset/celeba/pool/081298.jpg,./dataset/celeba/pool/042630.jpg
./dataset/celeba/pool/188116.jpg,./dataset/celeba/pool/041025.jpg,./dataset/celeba/pool/040342.jpg
./dataset/celeba/pool/175508.jpg,./dataset/celeba/pool/175171.jpg,./dataset/celeba/pool/126872.jpg
./dataset/celeba/pool/145946.jpg,./dataset/celeba/pool/175304.jpg,./dataset/celeba/pool/016941.jpg
./dataset/celeba/pool/152546.jpg,./dataset/celeba/pool/043346.jpg,./dataset/celeba/pool/044456.jpg
./dataset/celeba/pool/174786.jpg,./dataset/celeba/pool/061872.jpg,./dataset/celeba/pool/184703.jpg
./dataset/celeba/pool/025533.jpg,./dataset/celeba/pool/132086.jpg,./dataset/celeba/pool/022875.jpg
./dataset/celeba/pool/061086.jpg,./dataset/celeba/pool/145699.jpg,./dataset/celeba/pool/041238.jpg
./dataset/celeba/pool/181215.jpg,./dataset/celeba/pool/095711.jpg,./dataset/celeba/pool/086554.jpg
./dataset/celeba/pool/167075.jpg,./dataset/celeba/pool/033651.jpg,./dataset/celeba/pool/164885.jpg
./dataset/celeba/pool/151400.jpg,./dataset/celeba/pool/047026.jpg,./dataset/celeba/pool/064796.jpg
./dataset/celeba/pool/031564.jpg,./dataset/celeba/pool/119206.jpg,./dataset/celeba/pool/087064.jpg
./dataset/celeba/pool/005659.jpg,./dataset/celeba/pool/102930.jpg,./dataset/celeba/pool/135600.jpg
./dataset/celeba/pool/045980.jpg,./dataset/celeba/pool/046599.jpg,./dataset/celeba/pool/061602.jpg
./dataset/celeba/pool/160084.jpg,./dataset/celeba/pool/082300.jpg,./dataset/celeba/pool/145822.jpg
./dataset/celeba/pool/039676.jpg,./dataset/celeba/pool/190353.jpg,./dataset/celeba/pool/024496.jpg
./dataset/celeba/pool/159458.jpg,./dataset/celeba/pool/076147.jpg,./dataset/celeba/pool/124201.jpg
./dataset/celeba/pool/088492.jpg,./dataset/celeba/pool/004150.jpg,./dataset/celeba/pool/032948.jpg
./dataset/celeba/pool/083682.jpg,./dataset/celeba/pool/199999.jpg,./dataset/celeba/pool/142472.jpg
./dataset/celeba/pool/123437.jpg,./dataset/celeba/pool/179685.jpg,./dataset/celeba/pool/054106.jpg
./dataset/celeba/pool/014873.jpg,./dataset/celeba/pool/023038.jpg,./dataset/celeba/pool/193597.jpg
./dataset/celeba/pool/081048.jpg,./dataset/celeba/pool/116436.jpg,./dataset/celeba/pool/101093.jpg
./dataset/celeba/pool/089337.jpg,./dataset/celeba/pool/101237.jpg,./dataset/celeba/pool/053271.jpg
./dataset/celeba/pool/061446.jpg,./dataset/celeba/pool/035928.jpg,./dataset/celeba/pool/136195.jpg
./dataset/celeba/pool/102033.jpg,./dataset/celeba/pool/183000.jpg,./dataset/celeba/pool/040022.jpg
./dataset/celeba/pool/172951.jpg,./dataset/celeba/pool/089611.jpg,./dataset/celeba/pool/065831.jpg
./dataset/celeba/pool/006300.jpg,./dataset/celeba/pool/194325.jpg,./dataset/celeba/pool/185391.jpg
./dataset/celeba/pool/173493.jpg,./dataset/celeba/pool/122427.jpg,./dataset/celeba/pool/156931.jpg
./dataset/celeba/pool/131971.jpg,./dataset/celeba/pool/132040.jpg,./dataset/celeba/pool/036575.jpg
./dataset/celeba/pool/200573.jpg,./dataset/celeba/pool/196828.jpg,./dataset/celeba/pool/173590.jpg
./dataset/celeba/pool/178506.jpg,./dataset/celeba/pool/009440.jpg,./dataset/celeba/pool/013395.jpg
./dataset/celeba/pool/004095.jpg,./dataset/celeba/pool/191852.jpg,./dataset/celeba/pool/155908.jpg
./dataset/celeba/pool/139718.jpg,./dataset/celeba/pool/053048.jpg,./dataset/celeba/pool/153176.jpg
./dataset/celeba/pool/187432.jpg,./dataset/celeba/pool/045766.jpg,./dataset/celeba/pool/180891.jpg
./dataset/celeba/pool/029080.jpg,./dataset/celeba/pool/193911.jpg,./dataset/celeba/pool/036624.jpg
./dataset/celeba/pool/186457.jpg,./dataset/celeba/pool/134431.jpg,./dataset/celeba/pool/083800.jpg
./dataset/celeba/pool/013268.jpg,./dataset/celeba/pool/165293.jpg,./dataset/celeba/pool/201444.jpg
./dataset/celeba/pool/142759.jpg,./dataset/celeba/pool/135650.jpg,./dataset/celeba/pool/012360.jpg
./dataset/celeba/pool/197587.jpg,./dataset/celeba/pool/128793.jpg,./dataset/celeba/pool/044921.jpg
./dataset/celeba/pool/055144.jpg,./dataset/celeba/pool/011381.jpg,./dataset/celeba/pool/179413.jpg
./dataset/celeba/pool/072426.jpg,./dataset/celeba/pool/051966.jpg,./dataset/celeba/pool/023180.jpg
./dataset/celeba/pool/186204.jpg,./dataset/celeba/pool/091215.jpg,./dataset/celeba/pool/143798.jpg
./dataset/celeba/pool/059259.jpg,./dataset/celeba/pool/095411.jpg,./dataset/celeba/pool/112825.jpg
./dataset/celeba/pool/053381.jpg,./dataset/celeba/pool/106681.jpg,./dataset/celeba/pool/034932.jpg
./dataset/celeba/pool/045244.jpg,./dataset/celeba/pool/181283.jpg,./dataset/celeba/pool/163605.jpg
./dataset/celeba/pool/026977.jpg,./dataset/celeba/pool/124280.jpg,./dataset/celeba/pool/118833.jpg
./dataset/celeba/pool/170347.jpg,./dataset/celeba/pool/194456.jpg,./dataset/celeba/pool/068752.jpg
./dataset/celeba/pool/181120.jpg,./dataset/celeba/pool/034155.jpg,./dataset/celeba/pool/116213.jpg
./dataset/celeba/pool/072339.jpg,./dataset/celeba/pool/135662.jpg,./dataset/celeba/pool/050527.jpg
./dataset/celeba/pool/198999.jpg,./dataset/celeba/pool/091184.jpg,./dataset/celeba/pool/031165.jpg
./dataset/celeba/pool/151980.jpg,./dataset/celeba/pool/079035.jpg,./dataset/celeba/pool/177052.jpg
./dataset/celeba/pool/101532.jpg,./dataset/celeba/pool/050980.jpg,./dataset/celeba/pool/133325.jpg
./dataset/celeba/pool/074661.jpg,./dataset/celeba/pool/137602.jpg,./dataset/celeba/pool/119066.jpg
./dataset/celeba/pool/007160.jpg,./dataset/celeba/pool/093647.jpg,./dataset/celeba/pool/176491.jpg
./dataset/celeba/pool/009677.jpg,./dataset/celeba/pool/040660.jpg,./dataset/celeba/pool/174140.jpg
./dataset/celeba/pool/190721.jpg,./dataset/celeba/pool/008911.jpg,./dataset/celeba/pool/095579.jpg
./dataset/celeba/pool/141636.jpg,./dataset/celeba/pool/093553.jpg,./dataset/celeba/pool/111370.jpg
./dataset/celeba/pool/195326.jpg,./dataset/celeba/pool/002874.jpg,./dataset/celeba/pool/016438.jpg
./dataset/celeba/pool/152916.jpg,./dataset/celeba/pool/007647.jpg,./dataset/celeba/pool/084639.jpg
./dataset/celeba/pool/177358.jpg,./dataset/celeba/pool/108169.jpg,./dataset/celeba/pool/078418.jpg
./dataset/celeba/pool/191360.jpg,./dataset/celeba/pool/022526.jpg,./dataset/celeba/pool/097178.jpg
./dataset/celeba/pool/148100.jpg,./dataset/celeba/pool/129089.jpg,./dataset/celeba/pool/166825.jpg
./dataset/celeba/pool/102287.jpg,./dataset/celeba/pool/053381.jpg,./dataset/celeba/pool/149037.jpg
./dataset/celeba/pool/013045.jpg,./dataset/celeba/pool/182311.jpg,./dataset/celeba/pool/041020.jpg
./dataset/celeba/pool/129886.jpg,./dataset/celeba/pool/052933.jpg,./dataset/celeba/pool/068657.jpg
./dataset/celeba/pool/186828.jpg,./dataset/celeba/pool/104920.jpg,./dataset/celeba/pool/018932.jpg
./dataset/celeba/pool/188940.jpg,./dataset/celeba/pool/151983.jpg,./dataset/celeba/pool/120037.jpg
./dataset/celeba/pool/036112.jpg,./dataset/celeba/pool/102221.jpg,./dataset/celeba/pool/033157.jpg
./dataset/celeba/pool/046024.jpg,./dataset/celeba/pool/054696.jpg,./dataset/celeba/pool/155703.jpg
./dataset/celeba/pool/084628.jpg,./dataset/celeba/pool/036283.jpg,./dataset/celeba/pool/021023.jpg
./dataset/celeba/pool/160515.jpg,./dataset/celeba/pool/078924.jpg,./dataset/celeba/pool/008100.jpg
./dataset/celeba/pool/037721.jpg,./dataset/celeba/pool/013085.jpg,./dataset/celeba/pool/155261.jpg
./dataset/celeba/pool/181363.jpg,./dataset/celeba/pool/141025.jpg,./dataset/celeba/pool/169446.jpg
./dataset/celeba/pool/074756.jpg,./dataset/celeba/pool/060144.jpg,./dataset/celeba/pool/084658.jpg
./dataset/celeba/pool/022542.jpg,./dataset/celeba/pool/134323.jpg,./dataset/celeba/pool/032511.jpg
./dataset/celeba/pool/171008.jpg,./dataset/celeba/pool/160153.jpg,./dataset/celeba/pool/075147.jpg
./dataset/celeba/pool/175312.jpg,./dataset/celeba/pool/141942.jpg,./dataset/celeba/pool/160893.jpg
./dataset/celeba/pool/144025.jpg,./dataset/celeba/pool/107772.jpg,./dataset/celeba/pool/122785.jpg
./dataset/celeba/pool/100055.jpg,./dataset/celeba/pool/018275.jpg,./dataset/celeba/pool/183559.jpg
./dataset/celeba/pool/151746.jpg,./dataset/celeba/pool/046307.jpg,./dataset/celeba/pool/028097.jpg
./dataset/celeba/pool/006638.jpg,./dataset/celeba/pool/100589.jpg,./dataset/celeba/pool/149679.jpg
./dataset/celeba/pool/123436.jpg,./dataset/celeba/pool/189284.jpg,./dataset/celeba/pool/084801.jpg
./dataset/celeba/pool/195472.jpg,./dataset/celeba/pool/128550.jpg,./dataset/celeba/pool/074596.jpg
./dataset/celeba/pool/076875.jpg,./dataset/celeba/pool/161789.jpg,./dataset/celeba/pool/168960.jpg
./dataset/celeba/pool/000209.jpg,./dataset/celeba/pool/018389.jpg,./dataset/celeba/pool/068835.jpg
./dataset/celeba/pool/132892.jpg,./dataset/celeba/pool/087159.jpg,./dataset/celeba/pool/053193.jpg
./dataset/celeba/pool/174337.jpg,./dataset/celeba/pool/054808.jpg,./dataset/celeba/pool/094350.jpg
./dataset/celeba/pool/092665.jpg,./dataset/celeba/pool/081836.jpg,./dataset/celeba/pool/013957.jpg
./dataset/celeba/pool/140546.jpg,./dataset/celeba/pool/120620.jpg,./dataset/celeba/pool/183037.jpg
./dataset/celeba/pool/095595.jpg,./dataset/celeba/pool/056570.jpg,./dataset/celeba/pool/131293.jpg
./dataset/celeba/pool/001688.jpg,./dataset/celeba/pool/123615.jpg,./dataset/celeba/pool/017992.jpg
./dataset/celeba/pool/047724.jpg,./dataset/celeba/pool/091816.jpg,./dataset/celeba/pool/026059.jpg
./dataset/celeba/pool/028947.jpg,./dataset/celeba/pool/058947.jpg,./dataset/celeba/pool/184925.jpg
./dataset/celeba/pool/122031.jpg,./dataset/celeba/pool/069039.jpg,./dataset/celeba/pool/178483.jpg
./dataset/celeba/pool/098659.jpg,./dataset/celeba/pool/169660.jpg,./dataset/celeba/pool/035493.jpg
./dataset/celeba/pool/188205.jpg,./dataset/celeba/pool/045429.jpg,./dataset/celeba/pool/090010.jpg
./dataset/celeba/pool/179937.jpg,./dataset/celeba/pool/032499.jpg,./dataset/celeba/pool/066054.jpg
./dataset/celeba/pool/145168.jpg,./dataset/celeba/pool/137975.jpg,./dataset/celeba/pool/041287.jpg
./dataset/celeba/pool/154279.jpg,./dataset/celeba/pool/012363.jpg,./dataset/celeba/pool/017666.jpg
./dataset/celeba/pool/129134.jpg,./dataset/celeba/pool/118016.jpg,./dataset/celeba/pool/072584.jpg
./dataset/celeba/pool/020613.jpg,./dataset/celeba/pool/054501.jpg,./dataset/celeba/pool/167952.jpg
./dataset/celeba/pool/097000.jpg,./dataset/celeba/pool/170526.jpg,./dataset/celeba/pool/073049.jpg
./dataset/celeba/pool/161739.jpg,./dataset/celeba/pool/157569.jpg,./dataset/celeba/pool/113457.jpg
./dataset/celeba/pool/142565.jpg,./dataset/celeba/pool/164753.jpg,./dataset/celeba/pool/154071.jpg
./dataset/celeba/pool/035841.jpg,./dataset/celeba/pool/132990.jpg,./dataset/celeba/pool/017560.jpg
./dataset/celeba/pool/098027.jpg,./dataset/celeba/pool/052401.jpg,./dataset/celeba/pool/022695.jpg
./dataset/celeba/pool/063784.jpg,./dataset/celeba/pool/077725.jpg,./dataset/celeba/pool/162326.jpg
./dataset/celeba/pool/019972.jpg,./dataset/celeba/pool/187332.jpg,./dataset/celeba/pool/193872.jpg
./dataset/celeba/pool/122442.jpg,./dataset/celeba/pool/089002.jpg,./dataset/celeba/pool/151629.jpg
./dataset/celeba/pool/125307.jpg,./dataset/celeba/pool/042424.jpg,./dataset/celeba/pool/110798.jpg
./dataset/celeba/pool/098741.jpg,./dataset/celeba/pool/095130.jpg,./dataset/celeba/pool/188395.jpg
./dataset/celeba/pool/104122.jpg,./dataset/celeba/pool/040687.jpg,./dataset/celeba/pool/001729.jpg
./dataset/celeba/pool/070505.jpg,./dataset/celeba/pool/188507.jpg,./dataset/celeba/pool/058793.jpg
./dataset/celeba/pool/073643.jpg,./dataset/celeba/pool/142934.jpg,./dataset/celeba/pool/088365.jpg
./dataset/celeba/pool/170074.jpg,./dataset/celeba/pool/194264.jpg,./dataset/celeba/pool/158483.jpg
./dataset/celeba/pool/052242.jpg,./dataset/celeba/pool/013518.jpg,./dataset/celeba/pool/113396.jpg
./dataset/celeba/pool/112420.jpg,./dataset/celeba/pool/144795.jpg,./dataset/celeba/pool/155352.jpg
./dataset/celeba/pool/149170.jpg,./dataset/celeba/pool/172268.jpg,./dataset/celeba/pool/182672.jpg
./dataset/celeba/pool/113297.jpg,./dataset/celeba/pool/091812.jpg,./dataset/celeba/pool/079262.jpg
./dataset/celeba/pool/015323.jpg,./dataset/celeba/pool/154831.jpg,./dataset/celeba/pool/131859.jpg
./dataset/celeba/pool/144913.jpg,./dataset/celeba/pool/091700.jpg,./dataset/celeba/pool/083384.jpg
./dataset/celeba/pool/123082.jpg,./dataset/celeba/pool/188910.jpg,./dataset/celeba/pool/115303.jpg
./dataset/celeba/pool/031990.jpg,./dataset/celeba/pool/079755.jpg,./dataset/celeba/pool/031663.jpg
./dataset/celeba/pool/105570.jpg,./dataset/celeba/pool/163245.jpg,./dataset/celeba/pool/118226.jpg
./dataset/celeba/pool/031666.jpg,./dataset/celeba/pool/092718.jpg,./dataset/celeba/pool/075876.jpg
./dataset/celeba/pool/146496.jpg,./dataset/celeba/pool/077215.jpg,./dataset/celeba/pool/032373.jpg
./dataset/celeba/pool/030825.jpg,./dataset/celeba/pool/078047.jpg,./dataset/celeba/pool/154956.jpg
./dataset/celeba/pool/152303.jpg,./dataset/celeba/pool/114608.jpg,./dataset/celeba/pool/142847.jpg
./dataset/celeba/pool/058529.jpg,./dataset/celeba/pool/033108.jpg,./dataset/celeba/pool/078979.jpg
./dataset/celeba/pool/119499.jpg,./dataset/celeba/pool/056371.jpg,./dataset/celeba/pool/063158.jpg
./dataset/celeba/pool/089397.jpg,./dataset/celeba/pool/118144.jpg,./dataset/celeba/pool/014458.jpg
./dataset/celeba/pool/119754.jpg,./dataset/celeba/pool/086465.jpg,./dataset/celeba/pool/166852.jpg
./dataset/celeba/pool/118987.jpg,./dataset/celeba/pool/002406.jpg,./dataset/celeba/pool/168673.jpg
./dataset/celeba/pool/133033.jpg,./dataset/celeba/pool/084309.jpg,./dataset/celeba/pool/195862.jpg
./dataset/celeba/pool/038404.jpg,./dataset/celeba/pool/061329.jpg,./dataset/celeba/pool/198864.jpg
./dataset/celeba/pool/154266.jpg,./dataset/celeba/pool/161732.jpg,./dataset/celeba/pool/202156.jpg
./dataset/celeba/pool/122673.jpg,./dataset/celeba/pool/028908.jpg,./dataset/celeba/pool/145415.jpg
./dataset/celeba/pool/011726.jpg,./dataset/celeba/pool/085040.jpg,./dataset/celeba/pool/095611.jpg
./dataset/celeba/pool/012715.jpg,./dataset/celeba/pool/183339.jpg,./dataset/celeba/pool/180338.jpg
./dataset/celeba/pool/198526.jpg,./dataset/celeba/pool/074917.jpg,./dataset/celeba/pool/158758.jpg
./dataset/celeba/pool/173843.jpg,./dataset/celeba/pool/022731.jpg,./dataset/celeba/pool/008837.jpg
./dataset/celeba/pool/022315.jpg,./dataset/celeba/pool/101242.jpg,./dataset/celeba/pool/053515.jpg
./dataset/celeba/pool/152684.jpg,./dataset/celeba/pool/150669.jpg,./dataset/celeba/pool/143661.jpg
./dataset/celeba/pool/143012.jpg,./dataset/celeba/pool/031206.jpg,./dataset/celeba/pool/048845.jpg
./dataset/celeba/pool/169392.jpg,./dataset/celeba/pool/107332.jpg,./dataset/celeba/pool/095728.jpg
./dataset/celeba/pool/020771.jpg,./dataset/celeba/pool/088610.jpg,./dataset/celeba/pool/130298.jpg
./dataset/celeba/pool/120443.jpg,./dataset/celeba/pool/094407.jpg,./dataset/celeba/pool/023325.jpg
./dataset/celeba/pool/141935.jpg,./dataset/celeba/pool/167480.jpg,./dataset/celeba/pool/172213.jpg
./dataset/celeba/pool/157144.jpg,./dataset/celeba/pool/115902.jpg,./dataset/celeba/pool/195430.jpg
./dataset/celeba/pool/169137.jpg,./dataset/celeba/pool/045219.jpg,./dataset/celeba/pool/201695.jpg
./dataset/celeba/pool/171077.jpg,./dataset/celeba/pool/110568.jpg,./dataset/celeba/pool/109425.jpg
./dataset/celeba/pool/075834.jpg,./dataset/celeba/pool/074632.jpg,./dataset/celeba/pool/124456.jpg
./dataset/celeba/pool/112054.jpg,./dataset/celeba/pool/065040.jpg,./dataset/celeba/pool/012294.jpg
./dataset/celeba/pool/063689.jpg,./dataset/celeba/pool/102014.jpg,./dataset/celeba/pool/102003.jpg
./dataset/celeba/pool/011325.jpg,./dataset/celeba/pool/128172.jpg,./dataset/celeba/pool/038217.jpg
./dataset/celeba/pool/197069.jpg,./dataset/celeba/pool/052570.jpg,./dataset/celeba/pool/029361.jpg
./dataset/celeba/pool/030101.jpg,./dataset/celeba/pool/039802.jpg,./dataset/celeba/pool/035704.jpg
./dataset/celeba/pool/071561.jpg,./dataset/celeba/pool/038876.jpg,./dataset/celeba/pool/154006.jpg
./dataset/celeba/pool/192232.jpg,./dataset/celeba/pool/065234.jpg,./dataset/celeba/pool/181521.jpg
./dataset/celeba/pool/077774.jpg,./dataset/celeba/pool/195649.jpg,./dataset/celeba/pool/075446.jpg
./dataset/celeba/pool/201271.jpg,./dataset/celeba/pool/171950.jpg,./dataset/celeba/pool/040520.jpg
./dataset/celeba/pool/179910.jpg,./dataset/celeba/pool/043204.jpg,./dataset/celeba/pool/027820.jpg
./dataset/celeba/pool/004688.jpg,./dataset/celeba/pool/012963.jpg,./dataset/celeba/pool/179072.jpg
./dataset/celeba/pool/152519.jpg,./dataset/celeba/pool/082861.jpg,./dataset/celeba/pool/072792.jpg
./dataset/celeba/pool/093156.jpg,./dataset/celeba/pool/030448.jpg,./dataset/celeba/pool/147412.jpg
./dataset/celeba/pool/103365.jpg,./dataset/celeba/pool/000910.jpg,./dataset/celeba/pool/122498.jpg
./dataset/celeba/pool/104802.jpg,./dataset/celeba/pool/200334.jpg,./dataset/celeba/pool/190187.jpg
./dataset/celeba/pool/082333.jpg,./dataset/celeba/pool/139395.jpg,./dataset/celeba/pool/190880.jpg
./dataset/celeba/pool/050329.jpg,./dataset/celeba/pool/068650.jpg,./dataset/celeba/pool/064141.jpg
./dataset/celeba/pool/133238.jpg,./dataset/celeba/pool/089909.jpg,./dataset/celeba/pool/066230.jpg
./dataset/celeba/pool/003256.jpg,./dataset/celeba/pool/043912.jpg,./dataset/celeba/pool/179206.jpg
./dataset/celeba/pool/200050.jpg,./dataset/celeba/pool/033409.jpg,./dataset/celeba/pool/199452.jpg
./dataset/celeba/pool/069470.jpg,./dataset/celeba/pool/062585.jpg,./dataset/celeba/pool/022454.jpg
./dataset/celeba/pool/069344.jpg,./dataset/celeba/pool/122373.jpg,./dataset/celeba/pool/133354.jpg
./dataset/celeba/pool/010258.jpg,./dataset/celeba/pool/160103.jpg,./dataset/celeba/pool/069899.jpg
./dataset/celeba/pool/115401.jpg,./dataset/celeba/pool/190778.jpg,./dataset/celeba/pool/092574.jpg
./dataset/celeba/pool/126275.jpg,./dataset/celeba/pool/146473.jpg,./dataset/celeba/pool/122301.jpg
./dataset/celeba/pool/162613.jpg,./dataset/celeba/pool/106324.jpg,./dataset/celeba/pool/059691.jpg
./dataset/celeba/pool/107506.jpg,./dataset/celeba/pool/158819.jpg,./dataset/celeba/pool/176855.jpg
./dataset/celeba/pool/125405.jpg,./dataset/celeba/pool/021413.jpg,./dataset/celeba/pool/031943.jpg
./dataset/celeba/pool/056582.jpg,./dataset/celeba/pool/056685.jpg,./dataset/celeba/pool/041867.jpg
./dataset/celeba/pool/196685.jpg,./dataset/celeba/pool/148797.jpg,./dataset/celeba/pool/047378.jpg
./dataset/celeba/pool/099686.jpg,./dataset/celeba/pool/092059.jpg,./dataset/celeba/pool/008993.jpg
./dataset/celeba/pool/136664.jpg,./dataset/celeba/pool/051583.jpg,./dataset/celeba/pool/097817.jpg
./dataset/celeba/pool/001986.jpg,./dataset/celeba/pool/176239.jpg,./dataset/celeba/pool/022777.jpg
./dataset/celeba/pool/085329.jpg,./dataset/celeba/pool/084677.jpg,./dataset/celeba/pool/200662.jpg
./dataset/celeba/pool/004036.jpg,./dataset/celeba/pool/033369.jpg,./dataset/celeba/pool/160976.jpg
./dataset/celeba/pool/172412.jpg,./dataset/celeba/pool/160066.jpg,./dataset/celeba/pool/055552.jpg
./dataset/celeba/pool/044108.jpg,./dataset/celeba/pool/194017.jpg,./dataset/celeba/pool/048376.jpg
./dataset/celeba/pool/081450.jpg,./dataset/celeba/pool/030426.jpg,./dataset/celeba/pool/154948.jpg
./dataset/celeba/pool/090831.jpg,./dataset/celeba/pool/120353.jpg,./dataset/celeba/pool/180480.jpg
./dataset/celeba/pool/038436.jpg,./dataset/celeba/pool/150865.jpg,./dataset/celeba/pool/004436.jpg
./dataset/celeba/pool/104918.jpg,./dataset/celeba/pool/169747.jpg,./dataset/celeba/pool/127746.jpg
./dataset/celeba/pool/163166.jpg,./dataset/celeba/pool/031175.jpg,./dataset/celeba/pool/061326.jpg
./dataset/celeba/pool/000842.jpg,./dataset/celeba/pool/034536.jpg,./dataset/celeba/pool/181193.jpg
./dataset/celeba/pool/145528.jpg,./dataset/celeba/pool/034810.jpg,./dataset/celeba/pool/037486.jpg
./dataset/celeba/pool/167795.jpg,./dataset/celeba/pool/013473.jpg,./dataset/celeba/pool/018676.jpg
./dataset/celeba/pool/071377.jpg,./dataset/celeba/pool/014992.jpg,./dataset/celeba/pool/094427.jpg
./dataset/celeba/pool/060573.jpg,./dataset/celeba/pool/019800.jpg,./dataset/celeba/pool/183555.jpg
./dataset/celeba/pool/153079.jpg,./dataset/celeba/pool/063310.jpg,./dataset/celeba/pool/194300.jpg
./dataset/celeba/pool/091661.jpg,./dataset/celeba/pool/092708.jpg,./dataset/celeba/pool/041866.jpg
./dataset/celeba/pool/145265.jpg,./dataset/celeba/pool/092081.jpg,./dataset/celeba/pool/169368.jpg
./dataset/celeba/pool/162271.jpg,./dataset/celeba/pool/178434.jpg,./dataset/celeba/pool/193573.jpg
./dataset/celeba/pool/011964.jpg,./dataset/celeba/pool/003134.jpg,./dataset/celeba/pool/168203.jpg
./dataset/celeba/pool/174964.jpg,./dataset/celeba/pool/133777.jpg,./dataset/celeba/pool/147737.jpg
./dataset/celeba/pool/045600.jpg,./dataset/celeba/pool/132095.jpg,./dataset/celeba/pool/065889.jpg
./dataset/celeba/pool/181267.jpg,./dataset/celeba/pool/018810.jpg,./dataset/celeba/pool/074477.jpg
./dataset/celeba/pool/118002.jpg,./dataset/celeba/pool/022353.jpg,./dataset/celeba/pool/122688.jpg
./dataset/celeba/pool/124945.jpg,./dataset/celeba/pool/169303.jpg,./dataset/celeba/pool/072132.jpg
./dataset/celeba/pool/025867.jpg,./dataset/celeba/pool/113348.jpg,./dataset/celeba/pool/154778.jpg
./dataset/celeba/pool/008611.jpg,./dataset/celeba/pool/011307.jpg,./dataset/celeba/pool/182940.jpg
./dataset/celeba/pool/187236.jpg,./dataset/celeba/pool/046380.jpg,./dataset/celeba/pool/188705.jpg
./dataset/celeba/pool/070226.jpg,./dataset/celeba/pool/086022.jpg,./dataset/celeba/pool/111406.jpg
./dataset/celeba/pool/150202.jpg,./dataset/celeba/pool/075394.jpg,./dataset/celeba/pool/172981.jpg
./dataset/celeba/pool/171923.jpg,./dataset/celeba/pool/067529.jpg,./dataset/celeba/pool/007280.jpg
./dataset/celeba/pool/136522.jpg,./dataset/celeba/pool/114667.jpg,./dataset/celeba/pool/076884.jpg
./dataset/celeba/pool/144184.jpg,./dataset/celeba/pool/172781.jpg,./dataset/celeba/pool/170386.jpg
./dataset/celeba/pool/188959.jpg,./dataset/celeba/pool/042047.jpg,./dataset/celeba/pool/200879.jpg
./dataset/celeba/pool/198652.jpg,./dataset/celeba/pool/053042.jpg,./dataset/celeba/pool/186033.jpg
./dataset/celeba/pool/025857.jpg,./dataset/celeba/pool/062898.jpg,./dataset/celeba/pool/157187.jpg
./dataset/celeba/pool/151697.jpg,./dataset/celeba/pool/123410.jpg,./dataset/celeba/pool/081956.jpg
./dataset/celeba/pool/040001.jpg,./dataset/celeba/pool/165451.jpg,./dataset/celeba/pool/023796.jpg
./dataset/celeba/pool/182271.jpg,./dataset/celeba/pool/012689.jpg,./dataset/celeba/pool/176055.jpg
./dataset/celeba/pool/200219.jpg,./dataset/celeba/pool/182800.jpg,./dataset/celeba/pool/042565.jpg
./dataset/celeba/pool/006126.jpg,./dataset/celeba/pool/161512.jpg,./dataset/celeba/pool/159997.jpg
./dataset/celeba/pool/198182.jpg,./dataset/celeba/pool/112225.jpg,./dataset/celeba/pool/085781.jpg
./dataset/celeba/pool/089693.jpg,./dataset/celeba/pool/152966.jpg,./dataset/celeba/pool/153178.jpg
./dataset/celeba/pool/018902.jpg,./dataset/celeba/pool/164150.jpg,./dataset/celeba/pool/075536.jpg
./dataset/celeba/pool/199599.jpg,./dataset/celeba/pool/030037.jpg,./dataset/celeba/pool/074223.jpg
./dataset/celeba/pool/060231.jpg,./dataset/celeba/pool/015338.jpg,./dataset/celeba/pool/178025.jpg
./dataset/celeba/pool/157814.jpg,./dataset/celeba/pool/051758.jpg,./dataset/celeba/pool/082650.jpg
./dataset/celeba/pool/186002.jpg,./dataset/celeba/pool/161751.jpg,./dataset/celeba/pool/077176.jpg
./dataset/celeba/pool/140438.jpg,./dataset/celeba/pool/074586.jpg,./dataset/celeba/pool/101267.jpg
./dataset/celeba/pool/143802.jpg,./dataset/celeba/pool/058099.jpg,./dataset/celeba/pool/046694.jpg
./dataset/celeba/pool/005783.jpg,./dataset/celeba/pool/034030.jpg,./dataset/celeba/pool/158581.jpg
./dataset/celeba/pool/084298.jpg,./dataset/celeba/pool/077490.jpg,./dataset/celeba/pool/042159.jpg
./dataset/celeba/pool/189514.jpg,./dataset/celeba/pool/147348.jpg,./dataset/celeba/pool/003237.jpg
./dataset/celeba/pool/142236.jpg,./dataset/celeba/pool/184399.jpg,./dataset/celeba/pool/039990.jpg
./dataset/celeba/pool/000799.jpg,./dataset/celeba/pool/144541.jpg,./dataset/celeba/pool/078344.jpg
./dataset/celeba/pool/191508.jpg,./dataset/celeba/pool/147694.jpg,./dataset/celeba/pool/036865.jpg
./dataset/celeba/pool/079314.jpg,./dataset/celeba/pool/190781.jpg,./dataset/celeba/pool/120464.jpg
./dataset/celeba/pool/103722.jpg,./dataset/celeba/pool/171229.jpg,./dataset/celeba/pool/196612.jpg
./dataset/celeba/pool/134628.jpg,./dataset/celeba/pool/153798.jpg,./dataset/celeba/pool/050940.jpg
./dataset/celeba/pool/117828.jpg,./dataset/celeba/pool/177597.jpg,./dataset/celeba/pool/015029.jpg
./dataset/celeba/pool/169345.jpg,./dataset/celeba/pool/198346.jpg,./dataset/celeba/pool/156926.jpg
./dataset/celeba/pool/003567.jpg,./dataset/celeba/pool/168945.jpg,./dataset/celeba/pool/066371.jpg
./dataset/celeba/pool/100966.jpg,./dataset/celeba/pool/050156.jpg,./dataset/celeba/pool/003024.jpg
./dataset/celeba/pool/021134.jpg,./dataset/celeba/pool/038785.jpg,./dataset/celeba/pool/128421.jpg
./dataset/celeba/pool/073720.jpg,./dataset/celeba/pool/105553.jpg,./dataset/celeba/pool/174811.jpg
./dataset/celeba/pool/043346.jpg,./dataset/celeba/pool/146190.jpg,./dataset/celeba/pool/187553.jpg
./dataset/celeba/pool/042294.jpg,./dataset/celeba/pool/081671.jpg,./dataset/celeba/pool/153097.jpg
./dataset/celeba/pool/090511.jpg,./dataset/celeba/pool/039186.jpg,./dataset/celeba/pool/029120.jpg
./dataset/celeba/pool/143889.jpg,./dataset/celeba/pool/010404.jpg,./dataset/celeba/pool/111691.jpg
./dataset/celeba/pool/125621.jpg,./dataset/celeba/pool/065996.jpg,./dataset/celeba/pool/189517.jpg
./dataset/celeba/pool/184277.jpg,./dataset/celeba/pool/102508.jpg,./dataset/celeba/pool/185817.jpg
./dataset/celeba/pool/112865.jpg,./dataset/celeba/pool/110144.jpg,./dataset/celeba/pool/163530.jpg
./dataset/celeba/pool/104544.jpg,./dataset/celeba/pool/134235.jpg,./dataset/celeba/pool/010343.jpg
./dataset/celeba/pool/064261.jpg,./dataset/celeba/pool/187098.jpg,./dataset/celeba/pool/066232.jpg
./dataset/celeba/pool/165244.jpg,./dataset/celeba/pool/163534.jpg,./dataset/celeba/pool/134453.jpg
./dataset/celeba/pool/105766.jpg,./dataset/celeba/pool/070533.jpg,./dataset/celeba/pool/030077.jpg
./dataset/celeba/pool/157043.jpg,./dataset/celeba/pool/171180.jpg,./dataset/celeba/pool/084372.jpg
./dataset/celeba/pool/064461.jpg,./dataset/celeba/pool/007628.jpg,./dataset/celeba/pool/202238.jpg
./dataset/celeba/pool/049192.jpg,./dataset/celeba/pool/028669.jpg,./dataset/celeba/pool/139081.jpg
./dataset/celeba/pool/169880.jpg,./dataset/celeba/pool/151435.jpg,./dataset/celeba/pool/115162.jpg
./dataset/celeba/pool/047742.jpg,./dataset/celeba/pool/027360.jpg,./dataset/celeba/pool/029908.jpg
./dataset/celeba/pool/149655.jpg,./dataset/celeba/pool/026170.jpg,./dataset/celeba/pool/128711.jpg
./dataset/celeba/pool/163439.jpg,./dataset/celeba/pool/020695.jpg,./dataset/celeba/pool/116345.jpg
./dataset/celeba/pool/164464.jpg,./dataset/celeba/pool/141435.jpg,./dataset/celeba/pool/113543.jpg
./dataset/celeba/pool/194117.jpg,./dataset/celeba/pool/046138.jpg,./dataset/celeba/pool/173037.jpg
./dataset/celeba/pool/111901.jpg,./dataset/celeba/pool/196182.jpg,./dataset/celeba/pool/051609.jpg
./dataset/celeba/pool/140901.jpg,./dataset/celeba/pool/138561.jpg,./dataset/celeba/pool/190277.jpg
./dataset/celeba/pool/189210.jpg,./dataset/celeba/pool/053931.jpg,./dataset/celeba/pool/102083.jpg
./dataset/celeba/pool/174296.jpg,./dataset/celeba/pool/084651.jpg,./dataset/celeba/pool/195240.jpg
./dataset/celeba/pool/009867.jpg,./dataset/celeba/pool/098090.jpg,./dataset/celeba/pool/097966.jpg
./dataset/celeba/pool/181764.jpg,./dataset/celeba/pool/168389.jpg,./dataset/celeba/pool/080207.jpg
./dataset/celeba/pool/001500.jpg,./dataset/celeba/pool/165885.jpg,./dataset/celeba/pool/125066.jpg
./dataset/celeba/pool/031326.jpg,./dataset/celeba/pool/079647.jpg,./dataset/celeba/pool/082598.jpg
./dataset/celeba/pool/125889.jpg,./dataset/celeba/pool/192797.jpg,./dataset/celeba/pool/190908.jpg
./dataset/celeba/pool/186627.jpg,./dataset/celeba/pool/188681.jpg,./dataset/celeba/pool/134420.jpg
./dataset/celeba/pool/078457.jpg,./dataset/celeba/pool/189822.jpg,./dataset/celeba/pool/046069.jpg
./dataset/celeba/pool/096226.jpg,./dataset/celeba/pool/095643.jpg,./dataset/celeba/pool/131259.jpg
./dataset/celeba/pool/113476.jpg,./dataset/celeba/pool/059053.jpg,./dataset/celeba/pool/107221.jpg
./dataset/celeba/pool/106078.jpg,./dataset/celeba/pool/162954.jpg,./dataset/celeba/pool/026093.jpg
./dataset/celeba/pool/182269.jpg,./dataset/celeba/pool/176423.jpg,./dataset/celeba/pool/179049.jpg
./dataset/celeba/pool/172424.jpg,./dataset/celeba/pool/177877.jpg,./dataset/celeba/pool/162951.jpg
./dataset/celeba/pool/103714.jpg,./dataset/celeba/pool/133655.jpg,./dataset/celeba/pool/151712.jpg
./dataset/celeba/pool/154286.jpg,./dataset/celeba/pool/188610.jpg,./dataset/celeba/pool/151004.jpg
./dataset/celeba/pool/124607.jpg,./dataset/celeba/pool/028031.jpg,./dataset/celeba/pool/098667.jpg
./dataset/celeba/pool/193922.jpg,./dataset/celeba/pool/189809.jpg,./dataset/celeba/pool/100761.jpg
./dataset/celeba/pool/102932.jpg,./dataset/celeba/pool/050149.jpg,./dataset/celeba/pool/191046.jpg
./dataset/celeba/pool/131961.jpg,./dataset/celeba/pool/162912.jpg,./dataset/celeba/pool/017010.jpg
./dataset/celeba/pool/146502.jpg,./dataset/celeba/pool/015493.jpg,./dataset/celeba/pool/172715.jpg
./dataset/celeba/pool/051845.jpg,./dataset/celeba/pool/098376.jpg,./dataset/celeba/pool/046439.jpg
./dataset/celeba/pool/183591.jpg,./dataset/celeba/pool/176608.jpg,./dataset/celeba/pool/169671.jpg
